Date,Price,Open,High,Low,Vol.,Change %
11-Jan-17,419,425,426,412.25,-,-1.87%
10-Jan-17,427,426.5,427.25,423.5,-,-0.06%
9-Jan-17,427.25,424,428.25,421.12,-,1.00%
6-Jan-17,423,425.75,428,422,-,-0.59%
5-Jan-17,425.5,419.25,427,416.5,-,1.79%
4-Jan-17,418,406.5,418,405,-,2.86%
3-Jan-17,406.38,408.38,414,406.38,-,-0.34%
30-Dec-16,407.75,405.75,409.25,404.75,-,0.74%
29-Dec-16,404.75,403.5,407,402.75,-,0.75%
28-Dec-16,401.75,409.75,410,400.5,-,-2.01%
27-Dec-16,410,395.25,411,395.25,-,3.96%
23-Dec-16,394.38,397.5,398.25,392.75,-,-0.60%
22-Dec-16,396.75,399,400.5,396.75,-,-0.69%
21-Dec-16,399.5,402.75,404.5,399.25,-,-0.87%
20-Dec-16,403,406,407.75,400.5,-,-0.56%
19-Dec-16,405.25,412.5,413.25,403.25,-,-0.86%
16-Dec-16,408.75,408.5,410.5,404.75,-,-0.06%
15-Dec-16,409,417.75,418,408.75,-,-2.21%
14-Dec-16,418.25,416.5,418.25,413.25,-,0.06%
13-Dec-16,418,416.62,420.75,414.5,-,0.30%
12-Dec-16,416.75,415.25,416.75,408.75,-,0.18%
9-Dec-16,416,409.25,416.38,404,-,2.02%
8-Dec-16,407.75,402.38,409.25,402,-,1.62%
7-Dec-16,401.25,406.75,407.5,399.75,-,-1.41%
6-Dec-16,407,409.5,413,406.25,-,-0.37%
5-Dec-16,408.5,405.25,410,404.75,-,1.36%
2-Dec-16,403,397.75,403,396.75,-,1.83%
1-Dec-16,395.75,403.75,404.5,393.25,-,-1.80%
30-Nov-16,403,409.5,414,403,-,-1.29%
29-Nov-16,408.25,415.25,415.5,408,-,-2.33%
28-Nov-16,418,420.5,421.25,414.5,-,5.36%
25-Nov-16,396.75,401.62,403.5,396.75,-,-1.18%
23-Nov-16,401.5,407,407.25,396.62,-,-1.17%
22-Nov-16,406.25,410.5,411.75,406.25,-,-1.10%
21-Nov-16,410.75,409,412,404.75,-,0.49%
18-Nov-16,408.75,403,410,400.5,-,1.36%
17-Nov-16,403.25,398.25,406.25,396.75,-,1.57%
16-Nov-16,397,400,401,397,-,-0.50%
15-Nov-16,399,394.75,402,393,-,1.27%
14-Nov-16,394,403.5,403.75,392.75,-,-1.99%
11-Nov-16,402,405.75,407.5,401.25,-,-0.74%
10-Nov-16,405,408.5,414.25,402.5,-,-0.67%
9-Nov-16,407.75,416,417.75,404,-,-1.63%
8-Nov-16,414.5,410.5,419.75,408.38,-,1.47%
7-Nov-16,408.5,414.12,415.75,406.75,-,-1.39%
4-Nov-16,414.25,411.75,415.25,410.5,-,0.67%
3-Nov-16,411.5,417.75,420,409.5,-,-1.67%
2-Nov-16,418.5,414.38,420.25,412.25,-,1.09%
1-Nov-16,414,416,418.25,411,-,-0.30%
31-Oct-16,415.25,410.75,416.75,409.25,-,1.78%
28-Oct-16,408,415.75,417.5,407.62,-,-1.69%
27-Oct-16,415,412,418.75,411.75,-,0.79%
26-Oct-16,411.75,403.5,414.12,403,-,1.73%
25-Oct-16,404.75,403.75,406.5,398.88,-,0.31%
24-Oct-16,403.5,413.5,416.88,400.75,-,-2.65%
21-Oct-16,414.5,416.75,418.25,413.5,-,-0.60%
20-Oct-16,417,420.12,422.75,415.5,-,-0.71%
19-Oct-16,420,420.12,422.5,414,-,0.12%
18-Oct-16,419.5,425,425.5,418.5,-,-1.12%
17-Oct-16,424.25,418.75,425.5,416.25,-,0.83%
14-Oct-16,420.75,415.5,428.25,415.25,-,1.02%
13-Oct-16,416.5,397.75,417,397.5,-,4.78%
12-Oct-16,397.5,404.88,414,396.25,-,-2.39%
11-Oct-16,407.25,404,408.75,401.5,-,0.74%
10-Oct-16,404.25,397.25,405.38,397.25,-,2.34%
7-Oct-16,395,397.25,401,394.5,-,-0.06%
6-Oct-16,395.25,407.75,409.5,393.5,-,-2.53%
5-Oct-16,405.5,395.5,408.25,392,-,2.46%
4-Oct-16,395.75,395.75,398.25,393,-,-0.25%
3-Oct-16,396.75,400.5,401.75,391.75,-,-1.24%
30-Sep-16,401.75,398.75,403.88,390.25,-,0.69%
29-Sep-16,399,402.5,406.75,398,-,-1.09%
28-Sep-16,403.38,404.75,407.25,402,-,-0.22%
27-Sep-16,404.25,398,405,394.25,-,2.08%
26-Sep-16,396,403.75,407,395.5,-,-2.28%
23-Sep-16,405.25,404.25,409.5,401.38,-,-0.12%
22-Sep-16,405.75,406,411.75,404.5,-,-0.61%
21-Sep-16,408.25,405,409,402.5,-,0.62%
20-Sep-16,405.75,403.25,410,401.5,-,0.43%
19-Sep-16,404,404.75,409,400,-,0.03%
16-Sep-16,403.88,398.75,404.5,394.25,-,1.10%
15-Sep-16,399.5,402,406.75,398.25,-,-0.68%
14-Sep-16,402.25,400.75,404.25,395.25,-,0.56%
13-Sep-16,400,408,410.88,399.25,-,-2.14%
12-Sep-16,408.75,402.5,410,400,-,1.43%
9-Sep-16,403,405.5,406,397.12,-,-0.74%
8-Sep-16,406,403,406.75,398.5,-,0.87%
7-Sep-16,402.5,398.12,405,397.5,-,1.13%
6-Sep-16,398,398.25,402.75,395,-,-0.25%
2-Sep-16,399,394.5,401.5,394.5,-,1.11%
1-Sep-16,394.62,391.5,397.25,389.75,-,1.84%
31-Aug-16,387.5,392.88,395.75,387,-,-1.27%
30-Aug-16,392.5,397,400.75,391.75,-,-1.20%
29-Aug-16,397.25,407.25,407.75,395.5,-,3.42%
26-Aug-16,384.12,401,402.38,381.25,-,-4.30%
25-Aug-16,401.38,404.75,408,401.38,-,-0.77%
24-Aug-16,404.5,407.88,409.25,403,-,-0.74%
23-Aug-16,407.5,414.75,415,407,-,-1.87%
22-Aug-16,415.25,427.25,429.12,414.75,-,-2.87%
19-Aug-16,427.5,426.62,432.5,422.5,-,0.06%
18-Aug-16,427.25,424.5,428,420,-,0.23%
17-Aug-16,426.25,423.38,428.38,419.75,-,0.65%
16-Aug-16,423.5,420.88,427.88,414.88,-,0.21%
15-Aug-16,422.62,422,430,417.25,-,0.00%
12-Aug-16,422.62,416.12,422.62,406.62,-,1.59%
11-Aug-16,416,420.5,423.88,413.75,-,-1.22%
10-Aug-16,421.12,415.88,427.5,415.5,-,1.11%
9-Aug-16,416.5,415.75,419.25,411.75,-,-0.12%
8-Aug-16,417,419.5,423.5,411.75,-,0.39%
5-Aug-16,415.38,404,418.5,404,-,2.75%
4-Aug-16,404.25,411.12,416.12,403.75,-,-1.40%
3-Aug-16,410,402.75,415,401.25,-,2.31%
2-Aug-16,400.75,405.75,410.5,399.38,-,-1.48%
1-Aug-16,406.75,407.75,415.5,406.75,-,-0.12%
29-Jul-16,407.25,411.12,412.75,403.75,-,-0.46%
28-Jul-16,409.12,415.38,420,408.5,-,-1.42%
27-Jul-16,415,415.62,421,414.25,-,0.03%
26-Jul-16,414.88,425.38,429.25,414.25,-,-3.40%
25-Jul-16,429.5,428.25,435.25,421.25,-,0.79%
22-Jul-16,426.12,418.38,426.88,407.25,-,1.88%
21-Jul-16,418.25,413.5,419.75,409,-,1.33%
20-Jul-16,412.75,418.25,423.75,406.75,-,-1.37%
19-Jul-16,418.5,427.5,428.25,416.5,-,-2.73%
18-Jul-16,430.25,427.75,431.75,420.62,-,1.12%
15-Jul-16,425.5,434.75,439.75,425.5,-,-1.90%
14-Jul-16,433.75,442.38,448,431.38,-,-1.64%
13-Jul-16,441,439.38,451.5,437,-,0.80%
12-Jul-16,437.5,431,439.25,424,-,1.57%
11-Jul-16,430.75,437,441.88,426.75,-,-1.09%
8-Jul-16,435.5,427.25,439.5,424,-,2.32%
7-Jul-16,425.62,430.38,438.75,424.5,-,-0.90%
6-Jul-16,429.5,432,434,421.25,-,-0.46%
5-Jul-16,431.5,431.25,432.5,416,-,0.20%
1-Jul-16,430.62,445.38,445.5,428.25,-,-3.88%
30-Jun-16,448,445.75,453.5,438,-,0.84%
29-Jun-16,444.25,457.88,460.5,444,-,-3.06%
28-Jun-16,458.25,458.38,467.25,456.5,-,-0.22%
27-Jun-16,459.25,464,470.25,458.5,-,1.32%
24-Jun-16,453.25,454.5,455,442.25,-,-0.17%
23-Jun-16,454,459.5,461.5,453.5,-,-1.04%
22-Jun-16,458.75,460.5,465,458.5,-,0.14%
21-Jun-16,458.12,473.25,476.5,458,-,-3.30%
20-Jun-16,473.75,477,479.75,473.75,-,-1.61%
17-Jun-16,481.5,473.25,482,472.75,-,1.90%
16-Jun-16,472.5,477.38,479.5,471.25,-,-1.25%
15-Jun-16,478.5,482.88,489.75,478.5,-,-1.29%
14-Jun-16,484.75,491.25,493.38,481.5,-,-1.47%
13-Jun-16,492,498.25,503.25,491.5,-,-0.61%
10-Jun-16,495,509,512.5,494.62,-,-2.89%
9-Jun-16,509.75,517.88,519,506.25,-,-1.97%
8-Jun-16,520,508.75,523.88,506.25,-,2.06%
7-Jun-16,509.5,506.5,513.5,501,-,0.34%
6-Jun-16,507.75,497.75,514.75,497.75,-,2.01%
3-Jun-16,497.75,484,498,482.5,-,2.52%
2-Jun-16,485.5,474,487,473,-,2.53%
1-Jun-16,473.5,463.38,474.75,463.38,-,2.10%
31-May-16,463.75,480.62,483.88,463.75,-,-3.69%
27-May-16,481.5,481.38,484.75,479,-,0.16%
26-May-16,480.75,465.75,481.5,465.5,-,3.11%
25-May-16,466.25,464,468.88,463.25,-,0.38%
24-May-16,464.5,462.75,470,458.25,-,0.43%
23-May-16,462.5,467.38,469.12,461.25,-,-1.23%
20-May-16,468.25,468.75,474.5,464.25,-,-0.21%
19-May-16,469.25,478.5,479.75,462.75,-,-2.44%
18-May-16,481,481.38,484.5,477.25,-,-0.10%
17-May-16,481.5,473.5,484.5,473.25,-,1.21%
16-May-16,475.75,473.75,476.75,467.75,-,0.21%
13-May-16,474.75,468.25,477.5,465,-,1.44%
12-May-16,468,457.62,468,457.62,-,1.96%
11-May-16,459,461.5,464.75,457,-,-0.70%
10-May-16,462.25,457.38,468.5,455.5,-,1.32%
9-May-16,456.25,464,467,455,-,-1.78%
6-May-16,464.5,462.62,470.25,462.25,-,0.16%
5-May-16,463.75,468.75,472.5,461.88,-,-1.96%
4-May-16,473,470.75,476.5,469.12,-,0.21%
3-May-16,472,487.38,492.75,468.5,-,-3.10%
2-May-16,487.12,486.75,490,481.5,-,-0.44%
29-Apr-16,489.25,483.75,490.75,480.75,-,0.72%
28-Apr-16,485.75,483.75,497,481.5,-,0.62%
27-Apr-16,482.75,486.5,489.5,480.5,-,-1.13%
26-Apr-16,488.25,478.12,488.5,474.25,-,2.41%
25-Apr-16,476.75,473.75,485.38,469,-,2.03%
22-Apr-16,467.25,492.88,493.12,465.62,-,-5.77%
21-Apr-16,495.88,503.5,510.75,491,-,-1.42%
20-Apr-16,503,485.25,503.75,485.25,-,3.60%
19-Apr-16,485.5,473,487.75,471.25,-,2.75%
18-Apr-16,472.5,461,477,460.75,-,2.66%
15-Apr-16,460.25,459.25,462.25,455,-,0.38%
14-Apr-16,458.5,462.5,465.5,454.5,-,-1.24%
13-Apr-16,464.25,451.75,466.62,450.25,-,2.37%
12-Apr-16,453.5,447.62,457,446.75,-,1.45%
11-Apr-16,447,457.88,457.88,446.25,-,-3.14%
8-Apr-16,461.5,457.5,462.5,456.5,-,0.93%
7-Apr-16,457.25,463,465.25,457.12,-,-1.30%
6-Apr-16,463.25,473,473,461.75,-,-2.16%
5-Apr-16,473.5,475,476.5,470.25,-,-0.21%
4-Apr-16,474.5,476.38,479,470.5,-,-0.21%
1-Apr-16,475.5,473.75,475.5,467,-,0.21%
31-Mar-16,474.5,464,475,455.88,-,2.21%
30-Mar-16,464.25,476,477.5,463.25,-,-2.67%
29-Mar-16,477,471.5,477.25,471,-,1.06%
28-Mar-16,472,465.25,477.25,464,-,1.83%
24-Mar-16,463.5,463.13,464.38,458.62,-,0.03%
23-Mar-16,463.38,467.38,467.38,462.62,-,-0.86%
22-Mar-16,467.38,466.25,470.62,463.38,-,0.21%
21-Mar-16,466.38,468.62,472,463.88,-,0.65%
18-Mar-16,463.38,463,463.88,457.88,-,0.22%
17-Mar-16,462.38,472.13,475.88,460.12,-,-1.75%
16-Mar-16,470.62,476.88,477.12,469.88,-,-1.36%
15-Mar-16,477.12,477.75,479.12,473.12,-,-0.31%
14-Mar-16,478.62,475.63,479.38,472.88,-,0.58%
11-Mar-16,475.88,476.88,478.38,471.62,-,-0.10%
10-Mar-16,476.38,467.88,477.38,465.13,-,1.76%
9-Mar-16,468.12,464.62,468.38,461.12,-,0.64%
8-Mar-16,465.13,461.38,465.62,457.12,-,0.43%
7-Mar-16,463.13,465,468.38,461.88,-,0.38%
4-Mar-16,461.38,459.63,464.38,456.12,-,0.49%
3-Mar-16,459.12,449.62,461.88,449.38,-,2.00%
2-Mar-16,450.12,447,451.38,442.38,-,0.90%
1-Mar-16,446.12,453.38,454.63,445.62,-,-1.49%
29-Feb-16,452.88,455.12,456.38,450.63,-,0.17%
26-Feb-16,452.12,453.88,456.12,449.13,-,-0.22%
25-Feb-16,453.12,452.25,455.88,449.62,-,0.39%
24-Feb-16,451.38,455.62,456.12,446.62,-,-0.99%
23-Feb-16,455.88,463.5,465.88,455.38,-,-1.72%
22-Feb-16,463.88,466.38,469.38,458.25,-,0.43%
19-Feb-16,461.88,461.88,464.5,460.12,-,-0.11%
18-Feb-16,462.38,468.5,468.5,462.12,-,-1.39%
17-Feb-16,468.88,464.5,470,462.75,-,0.97%
16-Feb-16,464.38,460.75,465,459.88,-,1.53%
12-Feb-16,457.38,458.88,462,455.12,-,-0.22%
11-Feb-16,458.38,460.38,465.75,457.88,-,-0.60%
10-Feb-16,461.12,458.12,462.75,456.62,-,0.82%
9-Feb-16,457.38,459.12,460.25,455.12,-,-0.22%
8-Feb-16,458.38,466.25,468.88,457.75,-,-1.77%
5-Feb-16,466.62,473.5,474.12,465.75,-,-1.27%
4-Feb-16,472.62,479.12,482.5,472.62,-,-1.51%
3-Feb-16,479.88,475.62,480.12,474.62,-,0.95%
2-Feb-16,475.38,475.75,483,473.25,-,-0.05%
1-Feb-16,475.62,476.25,477.25,471.38,-,-0.78%
29-Jan-16,479.38,472.25,479.38,470.88,-,1.54%
28-Jan-16,472.12,476.75,476.88,470.62,-,-0.89%
27-Jan-16,476.38,484.25,485.75,473.62,-,-1.80%
26-Jan-16,485.12,481.62,488.5,478.12,-,0.83%
25-Jan-16,481.12,475.75,483.75,475.75,-,1.21%
22-Jan-16,475.38,474.75,479.75,472.62,-,0.00%
21-Jan-16,475.38,472.38,480,470.5,-,0.80%
20-Jan-16,471.62,473,475.38,467.38,-,-0.58%
19-Jan-16,474.38,475.25,478.88,470.62,-,0.21%
17-Jan-16,473.38,473.38,473.38,473.38,-,0.00%
15-Jan-16,473.38,469,474.62,465.12,-,0.96%
14-Jan-16,468.88,477.75,477.88,468.12,-,-1.88%
13-Jan-16,477.88,480.25,483.75,476.62,-,-0.73%
12-Jan-16,481.38,470,483.12,463.88,-,2.61%
11-Jan-16,469.12,481,481.12,466.62,-,-1.93%
8-Jan-16,478.38,468.12,479.62,467.62,-,2.14%
7-Jan-16,468.38,463.5,468.88,456.38,-,1.24%
6-Jan-16,462.62,461.5,465.62,457,-,0.27%
5-Jan-16,461.38,460.38,464.62,458.62,-,0.65%
4-Jan-16,458.38,472.5,472.5,456.12,-,-2.34%
31-Dec-15,469.38,469.88,472.25,468.88,-,-0.05%
30-Dec-15,469.62,476.38,479.12,469.38,-,-1.31%
29-Dec-15,475.88,467.38,476.62,467.38,-,1.98%
28-Dec-15,466.62,467.5,472.38,465.88,-,-0.29%
27-Dec-15,468,468,468,468,-,0.00%
24-Dec-15,468,468.62,471.62,467.38,-,-0.35%
23-Dec-15,469.62,472.62,474.88,468.38,-,-0.42%
22-Dec-15,471.62,479.5,482.62,471.62,-,-1.57%
21-Dec-15,479.12,485.75,490.88,478.38,-,-1.44%
18-Dec-15,486.12,486.12,498.88,481.38,-,0.46%
17-Dec-15,483.88,483.5,488.12,472.38,-,0.10%
16-Dec-15,483.38,493.12,496.75,483.38,-,-2.13%
15-Dec-15,493.88,493.38,497.88,486.38,-,0.10%
14-Dec-15,493.38,491.38,496.88,488.62,-,0.61%
11-Dec-15,490.38,494.75,497.88,487.62,-,-1.01%
10-Dec-15,495.38,488.88,497.88,485.62,-,1.17%
9-Dec-15,489.62,481.62,491.12,481.5,-,1.71%
8-Dec-15,481.38,481.5,483.62,476.62,-,-0.31%
7-Dec-15,482.88,489.38,492.88,482.12,-,-0.36%
4-Dec-15,484.62,479.25,484.88,478.38,-,1.31%
3-Dec-15,478.38,466.88,483.88,466.12,-,2.41%
2-Dec-15,467.12,471.25,473.38,465.62,-,-0.90%
1-Dec-15,471.38,474.62,480.12,470.88,-,-0.89%
30-Nov-15,475.62,476.62,480.38,475.12,-,-0.70%
27-Nov-15,479,487.62,487.62,478.12,-,-1.77%
25-Nov-15,487.62,488.38,492.38,487.38,-,-0.10%
24-Nov-15,488.12,496.75,497.12,487.88,-,-1.86%
23-Nov-15,497.38,487.25,499.62,485.88,-,1.69%
20-Nov-15,489.12,489.38,494.88,486.38,-,-0.25%
19-Nov-15,490.38,483,492.75,481.62,-,1.45%
18-Nov-15,483.38,487.38,490.25,480.62,-,-0.90%
17-Nov-15,487.75,493.5,494,484.62,-,-1.24%
16-Nov-15,493.88,494.88,498,490.5,-,-0.45%
13-Nov-15,496.12,496.5,499.75,491.62,-,-0.30%
12-Nov-15,497.62,496,500.5,492.38,-,0.50%
11-Nov-15,495.12,491.88,498,490.38,-,0.76%
10-Nov-15,491.38,502.38,503.75,488.12,-,-2.04%
9-Nov-15,501.62,520.38,521.25,501.38,-,-4.06%
6-Nov-15,522.88,524.75,526,517.88,-,-0.57%
5-Nov-15,525.88,524.5,529,520.38,-,-0.09%
4-Nov-15,526.38,516.12,530.75,508.38,-,1.94%
3-Nov-15,516.38,507.62,516.62,506,-,1.67%
2-Nov-15,507.88,521.38,522.75,506.88,-,-2.73%
30-Oct-15,522.12,515.25,523.75,515.12,-,1.31%
29-Oct-15,515.38,505.75,517.25,505.12,-,1.88%
28-Oct-15,505.88,507.62,508.75,500.12,-,-0.64%
27-Oct-15,509.12,509.88,518,506.62,-,-0.05%
26-Oct-15,509.38,493.62,512,493.62,-,3.82%
23-Oct-15,490.62,490.5,494.25,484.88,-,-0.05%
22-Oct-15,490.88,494.75,500.5,490.62,-,-0.76%
21-Oct-15,494.62,491.88,497.5,490.38,-,0.82%
20-Oct-15,490.62,486.38,491.62,483.62,-,1.08%
19-Oct-15,485.38,491.38,493.5,484.38,-,-1.42%
16-Oct-15,492.38,502.62,505.88,489.88,-,-1.94%
15-Oct-15,502.12,507.25,512.75,502.12,-,-1.23%
14-Oct-15,508.38,518.38,519.75,507.62,-,-2.02%
13-Oct-15,518.88,507,521.75,505.12,-,2.37%
12-Oct-15,506.88,507.38,510.62,503.38,-,-0.25%
9-Oct-15,508.12,511,519.5,504.62,-,-0.59%
8-Oct-15,511.12,516,522,509.38,-,-1.06%
7-Oct-15,516.62,525.38,531.5,515.12,-,-1.76%
6-Oct-15,525.88,514.62,526.62,513.12,-,1.94%
5-Oct-15,515.88,512.38,518,508.88,-,0.63%
2-Oct-15,512.62,516.75,523,512.62,-,-1.04%
1-Oct-15,518,512.38,523.75,511.88,-,1.12%
30-Sep-15,512.25,503.38,515.5,498.38,-,1.66%
29-Sep-15,503.88,505.88,509.75,500.62,-,-0.44%
28-Sep-15,506.12,508.5,515.5,500.38,-,-0.39%
25-Sep-15,508.12,497.88,510.5,496.38,-,2.21%
24-Sep-15,497.12,506,509,496.88,-,-2.07%
23-Sep-15,507.62,494.25,508.5,493.88,-,2.47%
22-Sep-15,495.38,496.38,496.5,488.38,-,-0.25%
21-Sep-15,496.62,486.25,499.25,480.62,-,2.05%
18-Sep-15,486.62,481.62,489,480.12,-,1.20%
17-Sep-15,480.88,488.25,489.75,480.88,-,-1.64%
16-Sep-15,488.88,494.12,495,483.12,-,-1.21%
15-Sep-15,494.88,500.62,503.25,492.38,-,-1.30%
14-Sep-15,501.38,486.38,501.62,485.88,-,3.35%
11-Sep-15,485.12,477.88,485.5,468.62,-,1.46%
10-Sep-15,478.12,472.25,479.5,471.5,-,1.16%
9-Sep-15,472.62,473,481,471.12,-,-0.53%
8-Sep-15,475.12,469.12,476.62,469.12,-,1.71%
4-Sep-15,467.12,465.88,469.62,463.12,-,0.48%
3-Sep-15,464.88,479.25,479.38,464.88,-,-2.97%
2-Sep-15,479.12,486.12,490,476.62,-,-1.34%
1-Sep-15,485.62,484.12,491.5,482.12,-,0.05%
31-Aug-15,485.38,484.12,485.88,476.62,-,1.62%
28-Aug-15,477.62,484.88,487.75,476.12,-,-1.47%
27-Aug-15,484.75,490.75,495.38,481.62,-,-1.27%
26-Aug-15,491,498.38,499.88,488.38,-,-1.11%
25-Aug-15,496.5,504.12,511.25,492.62,-,-1.54%
24-Aug-15,504.25,498.12,504.38,487.5,-,0.98%
21-Aug-15,499.38,504.5,507.12,495.75,-,-0.94%
20-Aug-15,504.12,495.75,507.62,495.5,-,1.59%
19-Aug-15,496.25,494.88,498.38,491.12,-,0.15%
18-Aug-15,495.5,500,503.38,493.38,-,-1.02%
17-Aug-15,500.62,503.62,508.75,498.5,-,-1.04%
14-Aug-15,505.88,503.12,512,497.88,-,0.50%
13-Aug-15,503.38,492.75,504.62,492.12,-,1.95%
12-Aug-15,493.75,507.38,514.62,484.12,-,-2.64%
11-Aug-15,507.12,522.88,524.38,504.12,-,-3.15%
10-Aug-15,523.62,511.88,529.88,509.38,-,2.55%
7-Aug-15,510.62,508.12,513.88,503.88,-,0.69%
6-Aug-15,507.12,502.12,514.12,498.38,-,0.90%
5-Aug-15,502.62,494.38,504.62,492.12,-,1.80%
4-Aug-15,493.75,499.75,506.88,491.38,-,-1.42%
3-Aug-15,500.88,497.12,500.88,490.62,-,0.55%
31-Jul-15,498.12,497.12,503.38,495.88,-,0.15%
30-Jul-15,497.38,496.38,504.38,493.88,-,0.28%
29-Jul-15,496,511.75,512.38,495.88,-,-3.15%
28-Jul-15,512.12,502.88,512.38,501.88,-,1.99%
27-Jul-15,502.12,510.62,511.62,501.38,-,-2.00%
24-Jul-15,512.38,520.5,523.38,509.62,-,-1.94%
23-Jul-15,522.5,516.62,526.62,516.62,-,1.19%
22-Jul-15,516.38,524.25,528.12,515.38,-,-1.43%
21-Jul-15,523.88,533.5,537.62,523.88,-,-2.03%
20-Jul-15,534.75,551,551,530.62,-,-3.52%
17-Jul-15,554.25,560.75,561.25,546.25,-,-1.49%
16-Jul-15,562.62,566.88,573.75,561.88,-,-0.79%
15-Jul-15,567.12,568.88,569.38,558.88,-,-0.66%
14-Jul-15,570.88,575,582.38,569.5,-,-0.80%
13-Jul-15,575.5,574.25,576.62,567,-,0.07%
10-Jul-15,575.12,576.62,587.38,570,-,-0.39%
9-Jul-15,577.38,576.38,586.12,575.38,-,-0.15%
8-Jul-15,578.25,583.75,587.62,573.12,-,-1.05%
7-Jul-15,584.38,592.88,593.12,578.38,-,-1.77%
6-Jul-15,594.88,585.5,599.62,572.38,-,1.13%
3-Jul-15,588.25,588.25,588.25,588.25,-,0.00%
2-Jul-15,588.25,587.5,600.62,574.12,-,0.17%
1-Jul-15,587.25,614.25,615,576.12,-,-4.76%
30-Jun-15,616.62,583,617.12,576.38,-,5.56%
29-Jun-15,584.12,565.5,591.38,564.12,-,4.17%
26-Jun-15,560.75,532,566.12,530.38,-,5.33%
25-Jun-15,532.38,517.75,532.62,513.12,-,2.75%
24-Jun-15,518.12,521.75,529.88,514.12,-,-0.86%
23-Jun-15,522.62,501.88,522.62,501.88,-,4.16%
22-Jun-15,501.75,487.88,504.12,487.38,-,2.63%
19-Jun-15,488.88,487.75,492.25,483.62,-,0.20%
18-Jun-15,487.88,491.38,497.88,487.38,-,-0.76%
17-Jun-15,491.62,490.12,499.62,489.62,-,0.61%
16-Jun-15,488.62,489.12,494.88,487.12,-,-0.05%
15-Jun-15,488.88,503.25,503.25,486.12,-,-3.05%
12-Jun-15,504.25,504,510.62,500.75,-,-0.17%
11-Jun-15,505.12,513.88,515.25,502.75,-,-1.46%
10-Jun-15,512.62,532.5,537.38,512.62,-,-3.78%
9-Jun-15,532.75,527.25,537.12,524.12,-,0.97%
8-Jun-15,527.62,516.38,532.62,516.38,-,2.06%
5-Jun-15,517,523.5,533.88,516.25,-,-1.17%
4-Jun-15,523.12,510,524.12,504.12,-,2.75%
3-Jun-15,509.12,513.38,525.88,508.38,-,-0.68%
2-Jun-15,512.62,495.12,513.12,493.12,-,3.61%
1-Jun-15,494.75,478,495.38,474.12,-,3.53%
29-May-15,477.88,487.12,489.12,474.62,-,-1.95%
28-May-15,487.38,488.5,494.62,483.12,-,-0.18%
27-May-15,488.25,495.88,496.12,482.38,-,-0.89%
26-May-15,492.62,515.75,519.38,492.12,-,-4.34%
22-May-15,515,521.38,528.88,511.12,-,-1.06%
21-May-15,520.5,514.12,527.88,511.12,-,1.56%
20-May-15,512.5,510.75,515.62,503.12,-,0.37%
19-May-15,510.62,520.12,524.62,503.88,-,-2.16%
18-May-15,521.88,510.88,529.88,507.88,-,2.18%
15-May-15,510.75,515,519.62,506.12,-,-0.75%
14-May-15,514.62,481.12,515,481.12,-,6.85%
13-May-15,481.62,480.88,486.12,471.12,-,0.05%
12-May-15,481.38,481,489.88,478.38,-,-0.05%
11-May-15,481.62,482.88,484.12,476.38,-,-0.16%
8-May-15,482.38,472.25,482.38,471.88,-,2.06%
7-May-15,472.62,480.38,483.88,471.38,-,-1.38%
6-May-15,479.25,468.38,482.12,467.5,-,2.68%
5-May-15,466.75,470.88,472.62,461.12,-,-1.27%
4-May-15,472.75,471.75,474.38,466.5,-,-0.24%
1-May-15,473.88,476.12,479.12,468.62,-,-0.32%
30-Apr-15,475.38,483.75,488.62,471.88,-,-1.76%
29-Apr-15,483.88,476.5,483.88,474.12,-,1.57%
28-Apr-15,476.38,475.12,478.38,464.12,-,0.53%
27-Apr-15,473.88,488.38,490.38,472.62,-,-2.57%
24-Apr-15,486.38,498,498.88,485.25,-,-2.36%
23-Apr-15,498.12,499.75,503.38,497.62,-,-0.20%
22-Apr-15,499.12,500.38,504.62,496.38,-,-0.27%
21-Apr-15,500.5,498.38,506.38,494.38,-,0.38%
20-Apr-15,498.62,493.88,499.12,492.12,-,1.12%
17-Apr-15,493.12,494,499.75,490.88,-,-0.30%
16-Apr-15,494.62,490.38,495.38,489.12,-,0.82%
15-Apr-15,490.62,497.62,503.88,490.12,-,-1.38%
14-Apr-15,497.5,503.88,506.12,496.38,-,-0.97%
13-Apr-15,502.38,518.12,519.88,501.62,-,-4.63%
10-Apr-15,526.75,517.88,527.38,515.62,-,1.52%
9-Apr-15,518.88,525.25,526.62,513.88,-,-1.26%
8-Apr-15,525.5,528.38,530.75,518.38,-,-0.26%
7-Apr-15,526.88,525.88,533.88,517.88,-,-0.28%
6-Apr-15,528.38,537.62,543.62,525.12,-,-1.03%
2-Apr-15,533.88,527.75,544.12,522.62,-,0.95%
1-Apr-15,528.88,513.38,528.88,506.12,-,3.12%
31-Mar-15,512.88,531.38,531.5,509.12,-,-3.30%
30-Mar-15,530.38,512.12,530.62,508.62,-,4.46%
27-Mar-15,507.75,499.12,508.88,499.12,-,1.83%
26-Mar-15,498.62,519.38,525.12,498.5,-,-3.90%
25-Mar-15,518.88,523.12,527.88,516.12,-,-0.86%
24-Mar-15,523.38,530.25,531.62,522.62,-,-2.10%
23-Mar-15,534.62,533.75,540.38,531.88,-,0.85%
20-Mar-15,530.12,510.12,530.38,510.12,-,3.67%
19-Mar-15,511.38,516,519.88,505.38,-,0.05%
18-Mar-15,511.12,502.25,512.38,500.88,-,1.49%
17-Mar-15,503.62,516,517.88,503.12,-,-2.23%
16-Mar-15,515.12,503.12,515.38,494.5,-,2.77%
13-Mar-15,501.25,507.62,513.38,498.88,-,-1.18%
12-Mar-15,507.25,498.25,512.62,498.12,-,1.73%
11-Mar-15,498.62,494.12,502.12,493.88,-,0.96%
10-Mar-15,493.88,489.75,496.62,483.38,-,0.77%
9-Mar-15,490.12,484.25,494.88,484.12,-,1.63%
6-Mar-15,482.25,480.88,485.38,479.38,-,0.34%
5-Mar-15,480.62,496.12,496.38,480.38,-,-3.08%
4-Mar-15,495.88,505.75,505.88,494.12,-,-1.69%
3-Mar-15,504.38,501.5,506.88,493.12,-,0.90%
2-Mar-15,499.88,513.75,518.62,499.62,-,-2.37%
27-Feb-15,512,500.5,517.62,498.12,-,2.40%
26-Feb-15,500,496.75,500.88,490.12,-,0.58%
25-Feb-15,497.12,503,505.62,495.12,-,-1.24%
24-Feb-15,503.38,504.62,510.62,502.12,-,-0.05%
23-Feb-15,503.62,507.38,510.38,502.38,-,-1.23%
20-Feb-15,509.88,527.38,531.38,509.62,-,-3.36%
19-Feb-15,527.62,528.38,537.12,523.62,-,-0.09%
18-Feb-15,528.12,538,543.38,523.62,-,-1.29%
17-Feb-15,535,534.75,546.62,531.88,-,0.33%
13-Feb-15,533.25,520.88,534.12,519.75,-,2.47%
12-Feb-15,520.38,523.62,527.5,518.38,-,-0.90%
11-Feb-15,525.12,521,527.88,516.12,-,0.82%
10-Feb-15,520.88,527.88,530.75,518.75,-,-1.56%
9-Feb-15,529.12,527.25,532.12,521.62,-,0.33%
6-Feb-15,527.38,526.12,533.88,516.62,-,0.19%
5-Feb-15,526.38,510.88,527.38,508.88,-,2.78%
4-Feb-15,512.12,514.38,521.62,507.62,-,-0.15%
3-Feb-15,512.88,494.38,515.62,493.38,-,4.06%
2-Feb-15,492.88,502.25,505.38,492.38,-,-2.06%
30-Jan-15,503.25,507.62,511.62,497.38,-,-0.89%
29-Jan-15,507.75,505.62,512.12,501,-,0.47%
28-Jan-15,505.38,519.25,520.38,503.12,-,-2.60%
27-Jan-15,518.88,520.12,524,517.62,-,-0.17%
26-Jan-15,519.75,529.25,534.62,519.38,-,-1.79%
23-Jan-15,529.25,532.88,535.88,526.88,-,-0.84%
22-Jan-15,533.75,536.25,542.38,532.62,-,-0.40%
21-Jan-15,535.88,537.38,544.38,535.62,-,0.09%
20-Jan-15,535.38,532.25,539.62,523.12,-,0.75%
16-Jan-15,531.38,536.25,541.88,531.38,-,-0.47%
15-Jan-15,533.88,540.12,544.88,528.12,-,-0.79%
14-Jan-15,538.12,548.5,549.62,536.12,-,-1.76%
13-Jan-15,547.75,556.12,566.62,547.38,-,-1.35%
12-Jan-15,555.25,564,566.38,554.88,-,-1.27%
9-Jan-15,562.38,568,573.88,562.12,-,-0.88%
8-Jan-15,567.38,580.5,580.5,566,-,-2.03%
7-Jan-15,579.12,594.38,594.38,578.88,-,-2.20%
6-Jan-15,592.12,587.75,603.5,586.38,-,0.59%
5-Jan-15,588.62,579.88,597.38,579.38,-,1.29%
2-Jan-15,581.12,589.38,589.38,574.88,-,-1.48%
31-Dec-14,589.88,601.38,604.62,586.5,-,-2.22%
30-Dec-14,603.25,614.75,615.38,601.12,-,-1.81%
29-Dec-14,614.38,612.5,620.62,608.12,-,0.84%
28-Dec-14,609.25,609.25,609.25,609.25,-,0.00%
26-Dec-14,609.25,614.75,616.5,607.38,-,-0.18%
24-Dec-14,610.38,636,639.62,606.88,-,-4.09%
23-Dec-14,636.38,623.5,636.88,621.12,-,1.84%
22-Dec-14,624.88,629.75,644.5,621.12,-,-1.26%
21-Dec-14,632.88,632.88,632.88,632.88,-,0.00%
19-Dec-14,632.88,653.62,654.25,629.5,-,-3.14%
18-Dec-14,653.38,646.62,676.88,645.88,-,0.69%
17-Dec-14,648.88,623.75,649.88,617.12,-,4.47%
16-Dec-14,621.12,616.38,638.88,615.25,-,0.51%
15-Dec-14,618,606.25,622.62,599.88,-,2.02%
14-Dec-14,605.75,605.75,605.75,605.75,-,0.00%
12-Dec-14,605.75,596.62,613.12,593.62,-,1.61%
11-Dec-14,596.12,581.62,599.88,573.38,-,2.40%
10-Dec-14,582.12,585,585,575.38,-,-0.66%
9-Dec-14,586,595.5,596.12,584.12,-,-1.74%
8-Dec-14,596.38,593.12,605.62,588.12,-,0.51%
7-Dec-14,593.38,593.38,593.38,593.38,-,0.00%
5-Dec-14,593.38,589.12,595.38,582.12,-,0.76%
4-Dec-14,588.88,589.88,591.62,577.62,-,-0.13%
3-Dec-14,589.62,603.88,606.38,585.38,-,-2.28%
2-Dec-14,603.38,605.38,611.5,596.88,-,-0.62%
1-Dec-14,607.12,576.88,607.62,570.38,-,4.97%
30-Nov-14,578.38,578.38,578.38,578.38,-,0.00%
28-Nov-14,578.38,559.25,580.62,558.38,-,2.87%
27-Nov-14,562.25,562.25,562.25,562.25,-,0.00%
26-Nov-14,562.25,558,565.38,555.62,-,0.65%
25-Nov-14,558.62,549.38,558.88,546.12,-,1.73%
24-Nov-14,549.12,553.38,556.88,548.62,-,0.46%
21-Nov-14,546.62,547.12,552.88,540.88,-,-0.09%
20-Nov-14,547.12,537,547.88,532.12,-,1.65%
19-Nov-14,538.25,549.12,549.25,535.12,-,-2.03%
18-Nov-14,549.38,552.12,553,544.38,-,-0.52%
17-Nov-14,552.25,559.38,563.12,551.12,-,-1.49%
14-Nov-14,560.62,552.88,564.62,549.12,-,1.26%
13-Nov-14,553.62,541.75,558.88,537.12,-,2.22%
12-Nov-14,541.62,524.5,545.62,522.88,-,3.36%
11-Nov-14,524,517.5,526.38,511.88,-,0.94%
10-Nov-14,519.12,514.12,523.75,511.38,-,0.90%
7-Nov-14,514.5,517.75,518.62,511.38,-,-1.13%
6-Nov-14,520.38,524.88,527.88,520.12,-,-0.83%
5-Nov-14,524.75,531.38,532.38,518.88,-,-1.39%
4-Nov-14,532.12,537.88,538.62,529.12,-,-1.30%
3-Nov-14,539.12,535.62,539.12,526.88,-,1.48%
31-Oct-14,531.25,535.12,538.88,523.12,-,-0.86%
30-Oct-14,535.88,538.5,545.25,532.88,-,-0.51%
29-Oct-14,538.62,530.88,540.38,527.75,-,1.34%
28-Oct-14,531.5,524,532.88,523.5,-,1.53%
27-Oct-14,523.5,515.88,526.38,510.62,-,0.96%
24-Oct-14,518.5,525.5,539.12,517.38,-,-1.52%
23-Oct-14,526.5,520.88,530.38,519.25,-,0.74%
22-Oct-14,522.62,520.5,528.38,516.12,-,0.55%
21-Oct-14,519.75,513.88,523.62,512.5,-,1.19%
20-Oct-14,513.62,515.38,515.62,507.38,-,-0.44%
17-Oct-14,515.88,517.88,522.12,512.88,-,-0.41%
16-Oct-14,518,506.25,518.12,502.88,-,2.02%
15-Oct-14,507.75,509.88,516,501.62,-,-0.32%
14-Oct-14,509.38,505,509.5,498.38,-,0.84%
13-Oct-14,505.12,498.38,506.12,495.62,-,1.28%
10-Oct-14,498.75,493.5,508.38,488.62,-,1.09%
9-Oct-14,493.38,508.12,508.12,492.12,-,-2.86%
8-Oct-14,507.88,507.12,511.62,502.12,-,0.20%
7-Oct-14,506.88,490.88,509.38,489.38,-,3.15%
6-Oct-14,491.38,485.62,494.62,485,-,1.08%
3-Oct-14,486.12,483.38,488.88,478.12,-,0.49%
2-Oct-14,483.75,478,489.62,477.5,-,1.07%
1-Oct-14,478.62,477.62,483.62,469.62,-,0.00%
30-Sep-14,478.62,480.62,481.75,468.12,-,-0.47%
29-Sep-14,480.88,470.88,482.38,470.75,-,1.26%
26-Sep-14,474.88,473.5,476.12,469,-,0.13%
25-Sep-14,474.25,480.12,483.5,466.38,-,-1.28%
24-Sep-14,480.38,474.25,484.62,473.62,-,0.97%
23-Sep-14,475.75,476.75,479.38,471.12,-,-0.18%
22-Sep-14,476.62,476.5,480.62,469.38,-,0.55%
19-Sep-14,474,487.88,488.12,473.88,-,-2.89%
18-Sep-14,488.12,496.12,498.62,487.88,-,-2.25%
17-Sep-14,499.38,495.88,501.12,494.12,-,0.50%
16-Sep-14,496.88,499.12,508.25,492.38,-,-0.70%
15-Sep-14,500.38,501.25,503.88,496.12,-,-0.42%
12-Sep-14,502.5,507.88,509.38,500.12,-,-1.30%
11-Sep-14,509.12,518.12,519,502.88,-,-2.02%
10-Sep-14,519.62,528.62,529.12,519.25,-,-1.75%
9-Sep-14,528.88,533.38,533.38,523.62,-,-0.91%
8-Sep-14,533.75,534.62,539.12,524.38,-,-0.30%
5-Sep-14,535.38,531.38,541.5,528.38,-,1.04%
4-Sep-14,529.88,535.88,536.88,527.75,-,-1.03%
3-Sep-14,535.38,555,556.12,535.12,-,-3.49%
2-Sep-14,554.75,561.88,565.88,550.88,-,-1.53%
29-Aug-14,563.38,570.38,578.62,561.38,-,-1.31%
28-Aug-14,570.88,562.38,578.62,559.12,-,1.69%
27-Aug-14,561.38,555,562.88,550.88,-,0.99%
26-Aug-14,555.88,553.38,557.88,546.88,-,0.04%
25-Aug-14,555.62,559.88,564.88,552.62,-,1.16%
22-Aug-14,549.25,545.75,562.38,545.75,-,0.50%
21-Aug-14,546.5,539.62,549.62,536.88,-,1.30%
20-Aug-14,539.5,546.12,549.25,534.38,-,-1.30%
19-Aug-14,546.62,540.75,555.88,536.25,-,0.78%
18-Aug-14,542.38,549.75,551.25,540.62,-,-1.68%
15-Aug-14,551.62,535.88,555.88,533.62,-,2.89%
14-Aug-14,536.12,528.5,539.12,528.12,-,1.66%
13-Aug-14,527.38,538.5,544.38,527.38,-,-2.02%
12-Aug-14,538.25,546.62,546.88,534.5,-,-1.55%
11-Aug-14,546.75,548.38,556.38,542.88,-,-0.21%
8-Aug-14,547.88,561.12,561.12,547.12,-,-2.45%
7-Aug-14,561.62,567.62,567.88,558.62,-,-1.06%
6-Aug-14,567.62,553.12,571.88,553.12,-,2.81%
5-Aug-14,552.12,543.88,554.12,538.12,-,1.33%
4-Aug-14,544.88,534.62,553.12,534.62,-,2.08%
3-Aug-14,533.75,533.75,533.75,533.75,-,0.00%
1-Aug-14,533.75,531.25,543.88,530.62,-,0.64%
31-Jul-14,530.38,526.38,536.12,523.5,-,0.45%
30-Jul-14,528,521.62,528.88,519.88,-,1.42%
29-Jul-14,520.62,534.38,535.5,518.62,-,-2.66%
28-Jul-14,534.88,539,543.12,532.12,-,-0.51%
25-Jul-14,537.62,528.88,538.38,526.62,-,1.63%
24-Jul-14,529,530.62,541.88,526.12,-,-0.17%
23-Jul-14,529.88,524.38,530.88,521.62,-,0.95%
22-Jul-14,524.88,529.5,536.62,524.12,-,-1.01%
21-Jul-14,530.25,530.12,531.12,523.88,-,-0.28%
18-Jul-14,531.75,552.12,555.62,531.12,-,-3.54%
17-Jul-14,551.25,537.88,561.38,530.88,-,2.46%
16-Jul-14,538,537.38,544.38,535.88,-,-0.05%
15-Jul-14,538.25,537.88,539.38,530.62,-,-0.02%
14-Jul-14,538.38,527.38,538.88,524.25,-,2.38%
11-Jul-14,525.88,547.5,549.62,525.12,-,-4.15%
10-Jul-14,548.62,551.88,555.88,546.38,-,-0.48%
9-Jul-14,551.25,556.12,558,547.75,-,-0.83%
8-Jul-14,555.88,557.75,560.88,555.62,-,-0.43%
7-Jul-14,558.25,579.5,584.25,556.12,-,-3.67%
6-Jul-14,579.5,579.5,579.5,579.5,-,0.00%
3-Jul-14,579.5,576.38,580.62,572.12,-,0.50%
2-Jul-14,576.62,573.88,576.62,568.88,-,0.61%
1-Jul-14,573.12,578.62,580.88,569.38,-,-0.63%
30-Jun-14,576.75,591.62,592.38,568.75,-,-2.72%
27-Jun-14,592.88,584.62,597.38,583.88,-,1.45%
26-Jun-14,584.38,584.38,589.88,579.88,-,0.04%
25-Jun-14,584.12,580.12,584.62,577.12,-,0.71%
24-Jun-14,580,589.25,589.25,579.38,-,-1.55%
23-Jun-14,589.12,594.62,600.88,587.38,-,0.73%
20-Jun-14,584.88,592.88,594.62,582.88,-,-1.52%
19-Jun-14,593.88,586.25,595.88,585.88,-,1.30%
18-Jun-14,586.25,581.62,597.88,581.62,-,0.82%
17-Jun-14,581.5,581.5,584.62,576.88,-,0.19%
16-Jun-14,580.38,585.75,594.62,580.38,-,-0.81%
13-Jun-14,585.12,585.88,594.38,583.62,-,0.04%
12-Jun-14,584.88,588.38,593.38,584.88,-,-0.68%
11-Jun-14,588.88,602.12,608.38,588.62,-,-2.04%
10-Jun-14,601.12,614.12,615.75,599.38,-,-2.14%
9-Jun-14,614.25,617.12,626.12,607.62,-,-0.83%
6-Jun-14,619.38,605.88,619.38,603.25,-,2.35%
5-Jun-14,605.12,614.38,617.25,605.12,-,-1.43%
4-Jun-14,613.88,611.88,619.38,611.12,-,0.29%
3-Jun-14,612.12,621.62,623.88,611.12,-,-1.33%
2-Jun-14,620.38,625.75,626.12,616.38,-,-1.23%
30-May-14,628.12,633.5,636.62,625.62,-,-0.65%
29-May-14,632.25,638.5,644.62,629.88,-,-1.00%
28-May-14,638.62,638.38,641.62,633.12,-,-0.35%
27-May-14,640.88,644.88,648.38,640.38,-,-1.69%
23-May-14,651.88,660.38,663.38,651.38,-,-1.17%
22-May-14,659.62,665.62,669.38,654.62,-,-0.57%
21-May-14,663.38,668.38,675.62,663.38,-,-0.86%
20-May-14,669.12,674.75,685.88,666.25,-,-0.89%
19-May-14,675.12,671.5,677.62,663.88,-,0.04%
16-May-14,674.88,678.88,682.75,670.62,-,-0.44%
15-May-14,677.88,690.88,690.88,676.88,-,-1.81%
14-May-14,690.38,709.5,709.5,687.88,-,-2.71%
13-May-14,709.62,713.88,715.12,704.12,-,-0.73%
12-May-14,714.88,722.25,722.25,703.75,-,-1.09%
11-May-14,722.75,722.75,722.75,722.75,-,0.00%
9-May-14,722.75,734,738.88,722.12,-,-1.62%
8-May-14,734.62,735,737.62,727.88,-,-0.58%
7-May-14,738.88,736.75,739.62,727.25,-,0.03%
6-May-14,738.62,732.62,743.88,723.88,-,1.55%
5-May-14,727.38,723.12,740,721.62,-,1.59%
2-May-14,716,709.5,720.62,706.12,-,1.04%
1-May-14,708.62,723.25,724.38,701.38,-,-1.78%
30-Apr-14,721.5,715.25,724.62,710.75,-,0.82%
29-Apr-14,715.62,709.25,716.88,704.38,-,0.95%
28-Apr-14,708.88,708.88,716.88,697.38,-,1.14%
25-Apr-14,700.88,689.25,701.62,687.62,-,1.52%
24-Apr-14,690.38,676.88,695.62,671.62,-,2.07%
23-Apr-14,676.38,673.5,679.38,667.88,-,0.59%
22-Apr-14,672.38,668.38,677,662.5,-,0.52%
21-Apr-14,668.88,690.5,690.5,662.88,-,-3.10%
17-Apr-14,690.25,687.62,701.38,686.38,-,0.33%
16-Apr-14,688,700.88,710.88,684.62,-,-1.94%
15-Apr-14,701.62,677.5,702.62,673.88,-,3.47%
14-Apr-14,678.12,665.25,688.5,665.12,-,2.88%
11-Apr-14,659.12,663.25,666.5,656.62,-,-0.47%
10-Apr-14,662.25,669.25,670.88,656.38,-,-0.90%
9-Apr-14,668.25,681.75,687.88,664.12,-,-1.62%
8-Apr-14,679.25,676.38,684.88,668.25,-,0.39%
7-Apr-14,676.62,670.5,679.38,665.62,-,0.95%
4-Apr-14,670.25,674.12,676.25,658.88,-,-0.74%
3-Apr-14,675.25,669.25,677.38,666.62,-,0.99%
2-Apr-14,668.62,687.25,687.62,665.12,-,-2.44%
1-Apr-14,685.38,695.88,697.62,683.62,-,-1.69%
31-Mar-14,697.12,697.12,701.88,677,-,0.29%
28-Mar-14,695.12,707.88,708.25,693.62,-,-2.16%
27-Mar-14,710.5,696.5,713.38,692.12,-,1.88%
26-Mar-14,697.38,708.88,711.62,694.88,-,-1.69%
25-Mar-14,709.38,714.62,716.38,706.62,-,-0.56%
24-Mar-14,713.38,692.5,718.12,687.25,-,3.05%
21-Mar-14,692.25,705.38,707.12,692.12,-,-2.00%
20-Mar-14,706.38,714.62,722.88,694.38,-,-1.29%
19-Mar-14,715.62,691.38,718.38,686.12,-,3.43%
18-Mar-14,691.88,676.25,693.38,672.5,-,2.56%
17-Mar-14,674.62,686.38,694.12,672.62,-,-1.75%
14-Mar-14,686.62,672.62,690.88,669.88,-,2.16%
13-Mar-14,672.12,682.38,696.25,671.12,-,-1.75%
12-Mar-14,684.12,658.5,684.38,652.12,-,3.95%
11-Mar-14,658.12,639.5,667.38,637.12,-,2.89%
10-Mar-14,639.62,654.88,656.38,639.25,-,-2.12%
7-Mar-14,653.5,646,662.88,644.38,-,1.06%
6-Mar-14,646.62,640.88,648.88,636.38,-,0.98%
5-Mar-14,640.38,641,644.38,636.12,-,-0.45%
4-Mar-14,643.25,632,644.62,621.12,-,1.38%
3-Mar-14,634.5,623.62,644.12,615,-,5.68%
28-Feb-14,600.38,590.25,604.88,590.12,-,1.69%
27-Feb-14,590.38,606,606.88,588.38,-,-2.48%
26-Feb-14,605.38,617.38,618.38,605.12,-,-1.92%
25-Feb-14,617.25,617,619.75,605.12,-,0.00%
24-Feb-14,617.25,602.5,617.38,600.75,-,1.21%
21-Feb-14,609.88,616.25,617.38,609.38,-,-0.97%
20-Feb-14,615.88,618.88,620.75,611.62,-,-0.73%
19-Feb-14,620.38,611.88,620.38,609.88,-,1.35%
18-Feb-14,612.12,599.25,613.12,598.88,-,2.45%
14-Feb-14,597.5,594.88,602.88,594.5,-,0.50%
13-Feb-14,594.5,586.38,596.62,585.38,-,1.47%
12-Feb-14,585.88,589.25,598,585.88,-,-0.55%
11-Feb-14,589.12,585.12,590.88,582.88,-,0.62%
10-Feb-14,585.5,574.5,590.5,570.62,-,1.34%
7-Feb-14,577.75,582.12,585.88,567.38,-,-0.37%
6-Feb-14,579.88,586.75,592.88,579.62,-,-1.21%
5-Feb-14,587,584.38,588.62,579.12,-,0.28%
4-Feb-14,585.38,563.62,585.62,562.12,-,3.81%
3-Feb-14,563.88,554.88,564.12,554.12,-,1.60%
31-Jan-14,555,554.12,557.38,551.38,-,0.23%
30-Jan-14,553.75,552,556.62,550.38,-,0.52%
29-Jan-14,550.88,566.62,566.88,550.75,-,-2.65%
28-Jan-14,565.88,564.12,568.88,564.12,-,0.35%
27-Jan-14,563.88,567.12,572.12,563.12,-,-0.42%
24-Jan-14,566.25,571.12,573.12,562.62,-,-0.64%
23-Jan-14,569.88,561.62,577.62,561.62,-,1.56%
22-Jan-14,561.12,562.62,566.62,560.88,-,-0.13%
21-Jan-14,561.88,565.12,567.62,560.88,-,-0.18%
17-Jan-14,562.88,572.88,574.25,562.88,-,-1.62%
16-Jan-14,572.12,568.38,573.62,564.12,-,0.84%
15-Jan-14,567.38,579.5,579.62,566.88,-,-2.07%
14-Jan-14,579.38,571.38,579.62,570.62,-,1.13%
13-Jan-14,572.88,571.75,575.88,570.12,-,0.84%
10-Jan-14,568.12,584.38,590.25,560.88,-,-2.80%
9-Jan-14,584.5,588.12,590.75,578.38,-,-0.53%
8-Jan-14,587.62,603.12,607.12,587.38,-,-2.45%
7-Jan-14,602.38,606.38,609.88,601.88,-,-0.62%
6-Jan-14,606.12,608.12,612.38,605.12,-,-0.08%
3-Jan-14,606.62,596.88,608.88,596.38,-,1.65%
2-Jan-14,596.75,605,605,595.88,-,-1.38%
1-Jan-14,605.12,605.12,605.12,605.12,-,0.00%
31-Dec-13,605.12,601.62,607.12,599.38,-,0.83%
30-Dec-13,600.12,608,609,600.12,-,-1.32%
27-Dec-13,608.12,608.12,609.88,603.38,-,0.39%
26-Dec-13,605.75,606.38,606.62,600.88,-,-0.10%
24-Dec-13,606.38,610.38,611.62,605.88,-,-0.47%
23-Dec-13,609.25,614.5,615.12,608.38,-,-0.71%
20-Dec-13,613.62,610.38,615.62,607.38,-,0.57%
19-Dec-13,610.12,614.88,621.12,610.12,-,-0.37%
18-Dec-13,612.38,618.62,618.88,612.38,-,-1.05%
17-Dec-13,618.88,622.38,626.62,618.88,-,-0.44%
16-Dec-13,621.62,628.62,628.62,621.12,-,-1.19%
13-Dec-13,629.12,633.38,634.88,626.88,-,-0.67%
12-Dec-13,633.38,641,642.5,630.38,-,-1.21%
11-Dec-13,641.12,639.88,643.38,635.38,-,0.25%
10-Dec-13,639.5,649.88,652.12,635.12,-,-1.69%
9-Dec-13,650.5,651.62,657.12,649.38,-,-0.04%
6-Dec-13,650.75,652.12,654.88,649.38,-,-0.13%
5-Dec-13,651.62,662.62,662.88,650.62,-,-1.57%
4-Dec-13,662,668.38,672.12,661.38,-,-1.03%
3-Dec-13,668.88,663.88,669.12,662.12,-,0.91%
2-Dec-13,662.88,668.88,674.62,660.62,-,-0.80%
29-Nov-13,668.25,668.5,670.62,665.12,-,0.55%
27-Nov-13,664.62,656.62,666.88,656.38,-,1.35%
26-Nov-13,655.75,659,660.62,653.38,-,-0.57%
25-Nov-13,659.5,658.62,662.38,657.38,-,0.50%
24-Nov-13,656.25,656.25,656.25,656.25,-,1.12%
22-Nov-13,649,649.38,653.62,648.62,-,0.06%
21-Nov-13,648.62,647.88,653.38,647.38,-,0.33%
20-Nov-13,646.5,650,654.62,646.38,-,-0.54%
19-Nov-13,650,642.75,651.12,642.75,-,1.19%
18-Nov-13,642.38,646.25,649.62,642.38,-,-0.21%
15-Nov-13,643.75,646,648.38,642.88,-,-0.17%
14-Nov-13,644.88,645.88,652.88,644.38,-,-0.06%
13-Nov-13,645.25,646.38,648.88,643.62,-,0.04%
12-Nov-13,645,647,651.88,644.88,-,-0.19%
11-Nov-13,646.25,651.12,659.38,646,-,-0.27%
8-Nov-13,648,653.5,657.75,645.5,-,-0.82%
7-Nov-13,653.38,654,657.12,652.38,-,-0.04%
6-Nov-13,653.62,657,660.38,652.38,-,-0.44%
5-Nov-13,656.5,662.62,665.12,655.25,-,-1.04%
4-Nov-13,663.38,666.5,671.38,662.12,-,-0.56%
1-Nov-13,667.12,667.75,672.12,664.62,-,-0.04%
31-Oct-13,667.38,675.12,676.88,667.12,-,-1.00%
30-Oct-13,674.12,684.88,686,674.12,-,-1.12%
29-Oct-13,681.75,681.25,684.62,676.38,-,0.13%
28-Oct-13,680.88,688.88,691.12,680.88,-,-1.55%
25-Oct-13,691.62,696.38,701.88,690.38,-,-0.70%
24-Oct-13,696.5,701.25,707.88,696.12,-,-0.75%
23-Oct-13,701.75,700.75,710.38,699.75,-,0.16%
22-Oct-13,700.62,699.12,704.12,696.12,-,0.25%
21-Oct-13,698.88,706.12,711.12,694.12,-,-0.90%
18-Oct-13,705.25,686.38,706.38,686.12,-,2.86%
17-Oct-13,685.62,681.25,693.12,680.75,-,0.66%
16-Oct-13,681.12,686.12,687.88,678.38,-,-0.66%
15-Oct-13,685.62,691.88,693.62,685.38,-,-0.90%
14-Oct-13,691.88,691.62,696.12,686.38,-,-0.02%
11-Oct-13,692,684.62,695.38,682.38,-,1.02%
10-Oct-13,685,691.12,695.62,684.12,-,-0.74%
9-Oct-13,690.12,692.5,694.62,687.38,-,-0.43%
8-Oct-13,693.12,694.12,699.62,688.12,-,-0.27%
7-Oct-13,695,686.88,696.12,686.5,-,1.22%
4-Oct-13,686.62,688.75,692.62,684.38,-,-0.29%
3-Oct-13,688.62,685.75,697.88,685.5,-,0.38%
2-Oct-13,686,681,689.62,678,-,0.38%
1-Oct-13,683.38,678.12,683.38,672.62,-,0.63%
30-Sep-13,679.12,681,694,676.88,-,-0.29%
27-Sep-13,681.12,677.62,685.38,675.5,-,0.37%
26-Sep-13,678.62,670.12,678.88,668.62,-,1.34%
25-Sep-13,669.62,657.88,674.88,657.88,-,1.82%
24-Sep-13,657.62,653.75,659.88,649.62,-,0.57%
23-Sep-13,653.88,646.12,656.62,645.38,-,1.24%
20-Sep-13,645.88,656.62,659.12,643.88,-,-1.58%
19-Sep-13,656.25,647.38,662.38,646.62,-,1.67%
18-Sep-13,645.5,642.38,647.88,642,-,0.47%
17-Sep-13,642.5,641.62,651,641.38,-,0.25%
16-Sep-13,640.88,641.12,648.62,638.62,-,0.06%
13-Sep-13,640.5,652.62,652.62,640.12,-,-1.90%
12-Sep-13,652.88,648.12,654.12,637.5,-,0.77%
11-Sep-13,647.88,647.62,652.12,642.12,-,0.25%
10-Sep-13,646.25,641.5,648.12,640.12,-,0.84%
9-Sep-13,640.88,648.38,651.38,639.62,-,-1.04%
6-Sep-13,647.62,639.12,652.88,638.25,-,1.29%
5-Sep-13,639.38,645.75,646.25,637.12,-,-1.08%
4-Sep-13,646.38,647.25,647.25,640.12,-,-0.17%
3-Sep-13,647.5,663,663.62,645.38,-,-1.13%
30-Aug-13,654.88,654.12,658.62,650.38,-,0.08%
29-Aug-13,654.38,660.25,663.5,652.12,-,-0.91%
28-Aug-13,660.38,665.12,669.38,658.62,-,-0.43%
27-Aug-13,663.25,666.12,670.25,661.12,-,-0.58%
26-Aug-13,667.12,651.88,676.38,651.62,-,5.27%
23-Aug-13,633.75,629,637.88,628.5,-,0.52%
22-Aug-13,630.5,640.38,640.38,629.88,-,-1.23%
21-Aug-13,638.38,635.12,646.62,634.38,-,0.61%
20-Aug-13,634.5,641.38,643.75,634.12,-,-0.94%
19-Aug-13,640.5,636.5,642.38,635.25,-,1.43%
16-Aug-13,631.5,637.75,641.12,626.62,-,-0.96%
15-Aug-13,637.62,631.12,641.12,629.12,-,1.15%
14-Aug-13,630.38,626.62,631.75,623.12,-,0.46%
13-Aug-13,627.5,635.88,643.38,626.38,-,-1.22%
12-Aug-13,635.25,633.25,644.88,630.12,-,0.26%
9-Aug-13,633.62,642,644.88,630.62,-,-1.17%
8-Aug-13,641.12,642.5,647.88,640,-,-0.43%
7-Aug-13,643.88,650.25,652.88,639.12,-,-0.94%
6-Aug-13,650,646.12,651,642.38,-,0.74%
5-Aug-13,645.25,659.5,665.38,641.62,-,-2.27%
2-Aug-13,660.25,657.75,667.12,656.5,-,0.17%
1-Aug-13,659.12,663.38,667.38,648.38,-,-0.68%
31-Jul-13,663.62,654.38,665.5,653.62,-,1.16%
30-Jul-13,656,650.38,662.38,650.12,-,0.75%
29-Jul-13,651.12,650.38,655.88,648.62,-,0.29%
26-Jul-13,649.25,648.75,657.38,648.12,-,0.13%
25-Jul-13,648.38,652.62,656.38,648.12,-,-0.73%
24-Jul-13,653.12,653.88,661.62,653.12,-,-0.23%
23-Jul-13,654.62,659.25,659.38,650.62,-,-0.80%
22-Jul-13,659.88,666.38,667.75,655.12,-,-0.60%
19-Jul-13,663.88,660.88,669.88,658.12,-,0.42%
18-Jul-13,661.12,664.25,667.12,656.62,-,-0.62%
17-Jul-13,665.25,669.5,674,664.12,-,-0.60%
16-Jul-13,669.25,671.5,681.25,665.62,-,-0.04%
15-Jul-13,669.5,677.12,677.62,667.62,-,-1.69%
12-Jul-13,681,683.12,687.5,679.88,-,-0.20%
11-Jul-13,682.38,679.12,692.88,676,-,0.63%
10-Jul-13,678.12,676.12,682.12,668.62,-,0.26%
9-Jul-13,676.38,662.88,682.62,662.5,-,2.11%
8-Jul-13,662.38,659,671.25,659,-,0.38%
5-Jul-13,659.88,670.88,672.38,659.38,-,-0.92%
4-Jul-13,666,666,666,666,-,0.00%
3-Jul-13,666,658.12,671.38,658.12,-,1.47%
2-Jul-13,656.38,656,667.88,652.38,-,-0.04%
1-Jul-13,656.62,655.5,663.75,652.88,-,-0.04%
28-Jun-13,656.88,673.12,678.12,656.12,-,-2.38%
27-Jun-13,672.88,677,683.12,672.88,-,-0.55%
26-Jun-13,676.62,684.75,690.12,676.12,-,-1.24%
25-Jun-13,685.12,687.88,694.62,684.88,-,-0.38%
24-Jun-13,687.75,700.88,701.75,685.12,-,-1.45%
21-Jun-13,697.88,700.38,704.38,696.12,-,-0.29%
20-Jun-13,699.88,703.88,707.62,695.12,-,-0.74%
19-Jun-13,705.12,684.5,710.62,682.62,-,2.66%
18-Jun-13,686.88,681.5,689.38,680.88,-,0.51%
17-Jun-13,683.38,677.88,688.62,674.75,-,0.33%
14-Jun-13,681.12,685.5,685.5,676.62,-,-0.66%
13-Jun-13,685.62,683.38,686.62,675.12,-,0.55%
12-Jun-13,681.88,694.25,696.62,679.12,-,-2.05%
11-Jun-13,696.12,690.12,699.62,686.88,-,0.85%
10-Jun-13,690.25,693.25,693.5,680.62,-,-0.86%
7-Jun-13,696.25,696.88,703.12,694.38,-,-0.32%
6-Jun-13,698.5,701.62,706.12,693.62,-,-0.41%
5-Jun-13,701.38,710.5,712.38,701.12,-,-1.16%
4-Jun-13,709.62,707.5,712.88,700.12,-,0.04%
3-Jun-13,709.38,707.75,714.38,692.62,-,0.39%
31-May-13,706.62,697.38,707.38,692.88,-,1.25%
30-May-13,697.88,699.12,702.25,687.62,-,-0.36%
29-May-13,700.38,693.5,703.88,688.88,-,0.99%
28-May-13,693.5,697.88,704.88,687.88,-,-0.41%
24-May-13,696.38,704.38,707.25,696.38,-,-1.22%
23-May-13,705,687.62,708.88,687.12,-,2.64%
22-May-13,686.88,680.5,692.62,680.12,-,1.03%
21-May-13,679.88,683.38,684.12,674.12,-,-0.93%
20-May-13,686.25,681.38,688,674.62,-,0.53%
17-May-13,682.62,688.38,689.62,680.62,-,-0.91%
16-May-13,688.88,694.12,698.88,681.62,-,-0.72%
15-May-13,693.88,710.88,711.12,692.62,-,-2.60%
14-May-13,712.38,709.25,716.62,706.88,-,0.42%
13-May-13,709.38,701.88,718.62,701.62,-,0.84%
10-May-13,703.5,722.62,724,702.38,-,-2.85%
9-May-13,724.12,704.88,727.5,702.88,-,2.64%
8-May-13,705.5,707.88,712.62,700.12,-,-0.30%
7-May-13,707.62,704.5,710.38,698.38,-,0.77%
6-May-13,702.25,713.75,714.62,700.62,-,-2.70%
3-May-13,721.75,727.62,734.88,716.62,-,-1.03%
2-May-13,729.25,720.62,729.62,717.88,-,1.34%
1-May-13,719.62,731.5,731.5,713.38,-,-1.45%
30-Apr-13,730.25,716.25,736.62,705.12,-,2.10%
29-Apr-13,715.25,696.5,719.62,695.38,-,4.13%
26-Apr-13,686.88,701.5,701.5,686.88,-,-2.10%
25-Apr-13,701.62,690.5,705.38,690.5,-,1.65%
24-Apr-13,690.25,697.75,698.62,688.62,-,-1.09%
23-Apr-13,697.88,702.88,703.5,690.38,-,-0.61%
22-Apr-13,702.12,708.12,708.12,691.38,-,-0.88%
19-Apr-13,708.38,703.62,711.38,697.62,-,0.60%
18-Apr-13,704.12,705.38,711.75,696.12,-,0.11%
17-Apr-13,703.38,703.75,715.38,698.62,-,-0.04%
16-Apr-13,703.62,692.88,703.62,689.88,-,1.59%
15-Apr-13,692.62,715,715,688.62,-,-3.01%
12-Apr-13,714.12,699,715.88,698.5,-,2.24%
11-Apr-13,698.5,697.38,705.62,693.75,-,0.23%
10-Apr-13,696.88,706.12,712.75,688.88,-,-1.47%
9-Apr-13,707.25,713.12,714.12,704.38,-,-0.63%
8-Apr-13,711.75,700,715.88,700,-,1.77%
5-Apr-13,699.38,692.38,700.38,689.38,-,0.99%
4-Apr-13,692.5,701.75,701.88,684.62,-,-1.34%
3-Apr-13,701.88,674,705.38,670.88,-,4.08%
2-Apr-13,674.38,667.38,676.25,664.62,-,1.05%
1-Apr-13,667.38,684.88,685,660.25,-,-2.50%
31-Mar-13,684.5,682.88,688,681.25,-,-0.54%
28-Mar-13,688.25,735.88,741.38,682.88,-,-6.49%
27-Mar-13,736,729.5,740.62,728.75,-,0.87%
26-Mar-13,729.62,726.38,732.5,723.62,-,0.48%
25-Mar-13,726.12,729.88,730.38,722.62,-,-0.53%
24-Mar-13,730,729.62,730.12,728.38,-,0.09%
22-Mar-13,729.38,728.5,731.38,715.62,-,0.14%
21-Mar-13,728.38,733.5,736.38,726.25,-,-0.72%
20-Mar-13,733.62,727.25,736.62,723.12,-,0.86%
19-Mar-13,727.38,714.38,727.62,709.38,-,1.86%
18-Mar-13,714.12,716.38,719.25,705.75,-,-0.35%
17-Mar-13,716.62,720.75,721.38,716,-,-0.90%
15-Mar-13,723.12,724.62,724.88,717.62,-,-0.24%
14-Mar-13,724.88,711.88,725.38,707.88,-,1.77%
13-Mar-13,712.25,702.88,712.75,697.25,-,1.32%
12-Mar-13,703,700.88,706.38,695.75,-,0.32%
11-Mar-13,700.75,699.25,707.88,695.12,-,0.20%
10-Mar-13,699.38,696,699.75,695.12,-,0.43%
8-Mar-13,696.38,695.38,702,687.5,-,0.11%
7-Mar-13,695.62,683.12,696.38,681.62,-,1.81%
6-Mar-13,683.25,705.38,706.88,681.25,-,-3.12%
5-Mar-13,705.25,703.38,708.62,701.12,-,0.25%
4-Mar-13,703.5,719.12,722.38,697.88,-,-2.16%
3-Mar-13,719,721.12,721.62,718.62,-,-0.19%
1-Mar-13,720.38,716.5,726.38,708.12,-,0.56%
28-Feb-13,716.38,712.12,722.88,711.12,-,0.61%
27-Feb-13,712,712.5,721.88,710.12,-,0.02%
26-Feb-13,711.88,705.75,711.88,698.12,-,0.85%
25-Feb-13,705.88,720.38,722.12,704.12,-,-1.98%
24-Feb-13,720.12,718.25,720.88,715.88,-,0.88%
22-Feb-13,713.88,722.62,729.62,713.88,-,-1.26%
21-Feb-13,723,736.75,737.38,719.62,-,-1.88%
20-Feb-13,736.88,732.62,740.62,727.88,-,0.56%
19-Feb-13,732.75,746.62,747.38,726.38,-,-1.25%
15-Feb-13,742,734.62,744.38,733.88,-,1.04%
14-Feb-13,734.38,737.62,740.62,725.12,-,-0.46%
13-Feb-13,737.75,734.38,737.75,722.88,-,0.48%
12-Feb-13,734.25,741.75,744.12,725.62,-,-1.03%
11-Feb-13,741.88,757.62,757.62,740.88,-,-2.11%
10-Feb-13,757.88,757,759,753.5,-,0.23%
8-Feb-13,756.12,756.62,770.62,753.12,-,-0.08%
7-Feb-13,756.75,759.88,764.25,752.88,-,-0.39%
6-Feb-13,759.75,757.75,763.88,746.62,-,0.28%
5-Feb-13,757.62,765.5,766.12,751.12,-,-1.01%
4-Feb-13,765.38,766.12,773.38,761.12,-,-0.07%
3-Feb-13,765.88,768.25,768.38,764.25,-,-0.03%
1-Feb-13,766.12,781.5,789.88,764.62,-,-1.98%
31-Jan-13,781.62,787.12,790.88,773.88,-,-0.65%
30-Jan-13,786.75,773.75,788.88,771.88,-,1.66%
29-Jan-13,773.88,778.25,784.88,773.75,-,-0.58%
28-Jan-13,778.38,779.62,782.88,770.88,-,-0.14%
27-Jan-13,779.5,778.62,780.38,777.38,-,0.47%
25-Jan-13,775.88,771.25,780.62,764.38,-,0.58%
24-Jan-13,771.38,772.62,774.88,763.12,-,-0.19%
23-Jan-13,772.88,776.12,784.88,771.12,-,-0.45%
22-Jan-13,776.38,794.88,799.62,776.12,-,-1.79%
20-Jan-13,790.5,790.5,790.5,790.5,-,0.00%
18-Jan-13,790.5,785.5,793.62,778.88,-,0.65%
17-Jan-13,785.38,786.62,787.88,776.38,-,-0.17%
16-Jan-13,786.75,783.25,790.62,777.12,-,0.43%
15-Jan-13,783.38,769.88,789.38,769.12,-,1.70%
14-Jan-13,770.25,767.62,776.62,763.5,-,0.36%
13-Jan-13,767.5,761.75,767.5,760.88,-,1.27%
11-Jan-13,757.88,745.88,771.75,736.38,-,1.59%
10-Jan-13,746,749.75,756.12,744.12,-,-0.48%
9-Jan-13,749.62,751,756.88,745.12,-,-0.17%
8-Jan-13,750.88,752.12,759.12,749.62,-,-0.18%
7-Jan-13,752.25,748.12,760.25,743.62,-,0.53%
6-Jan-13,748.25,749.5,749.5,746.5,-,-0.08%
4-Jan-13,748.88,754.38,757.62,739.88,-,-0.71%
3-Jan-13,754.25,758.75,761.12,750.25,-,-0.61%
2-Jan-13,758.88,786.88,787.38,752.62,-,-2.52%
31-Dec-12,778.5,775.12,779.88,767.88,-,0.45%
30-Dec-12,775,778.62,778.62,774.62,-,-0.43%
28-Dec-12,778.38,777,784.38,767.12,-,0.19%
27-Dec-12,776.88,775.75,777.62,764.62,-,0.13%
26-Dec-12,775.88,794.12,794.88,773.88,-,-2.30%
24-Dec-12,794.12,794.62,796.12,791.38,-,-0.05%
23-Dec-12,794.5,794.25,796.12,793.75,-,0.33%
21-Dec-12,791.88,792.38,798.62,789.88,-,-0.05%
20-Dec-12,792.25,806.75,808.38,782.88,-,-1.84%
19-Dec-12,807.12,813.5,822.62,802.12,-,-0.77%
18-Dec-12,813.38,812.88,816.38,801.62,-,0.09%
17-Dec-12,812.62,814.62,818.25,805.12,-,-0.28%
16-Dec-12,814.88,815.88,818.62,813.38,-,0.12%
14-Dec-12,813.88,808.12,817.38,806.12,-,0.73%
13-Dec-12,808,812.75,817.62,801.62,-,-0.60%
12-Dec-12,812.88,824,825.38,809.12,-,-1.34%
11-Dec-12,823.88,848.12,848.62,816.12,-,-2.83%
10-Dec-12,847.88,857.88,861.88,846.88,-,-1.14%
9-Dec-12,857.62,861.5,861.88,857,-,-0.28%
7-Dec-12,860,860.38,864.62,853.12,-,-0.06%
6-Dec-12,860.5,860.5,864.13,853.12,-,-0.01%
5-Dec-12,860.62,858.38,863.38,852.62,-,0.28%
4-Dec-12,858.25,861.5,864.88,851.88,-,-0.35%
3-Dec-12,861.25,869.38,877.12,858.38,-,-0.26%
2-Dec-12,863.5,863.5,863.5,863.5,-,0.00%
30-Nov-12,863.5,885.38,885.5,862.63,-,-2.48%
29-Nov-12,885.5,887,894.88,880.88,-,-0.16%
28-Nov-12,886.88,886.12,895.12,879.88,-,0.10%
27-Nov-12,886,864.38,888.88,864.38,-,2.49%
26-Nov-12,864.5,859.88,868.75,859.5,-,0.55%
25-Nov-12,859.75,863.12,863.12,858.5,-,1.49%
23-Nov-12,847.13,850,853.12,846.13,-,0.24%
21-Nov-12,845.12,843.75,849.38,841.12,-,0.15%
20-Nov-12,843.88,843.62,849.62,837.5,-,0.06%
19-Nov-12,843.38,837.88,847.88,836.88,-,0.69%
18-Nov-12,837.62,836.25,838.75,835.88,-,0.06%
16-Nov-12,837.12,846.13,849.62,829.62,-,-1.05%
15-Nov-12,846,847.5,856.38,843.5,-,-0.19%
14-Nov-12,847.62,854.62,857.88,845.88,-,-0.78%
13-Nov-12,854.25,858.88,864.38,843.62,-,-0.51%
12-Nov-12,858.63,883.75,884.75,855.12,-,-2.86%
11-Nov-12,883.88,885.75,885.88,882.62,-,-0.38%
9-Nov-12,887.25,900.75,911.62,884.12,-,-1.49%
8-Nov-12,900.62,889.62,904.88,886.88,-,1.26%
7-Nov-12,889.38,876.38,896.62,870.75,-,1.51%
6-Nov-12,876.13,872.12,879.62,870.25,-,0.47%
5-Nov-12,872,867.88,875.62,863.63,-,0.49%
4-Nov-12,867.75,865.38,868.5,863.38,-,0.17%
2-Nov-12,866.25,865.12,873.62,859.25,-,0.12%
1-Nov-12,865.25,867.38,877.38,861.62,-,-0.19%
31-Oct-12,866.88,860,874.12,859.5,-,0.78%
30-Oct-12,860.12,857.5,866.38,852.88,-,0.28%
29-Oct-12,857.75,861.38,871.25,857.12,-,-0.41%
28-Oct-12,861.25,863.88,864.25,860.88,-,-0.32%
26-Oct-12,864,874.88,878.12,863.38,-,-1.23%
25-Oct-12,874.75,879.13,888.63,871.38,-,-0.41%
24-Oct-12,878.38,867.5,894.75,865.75,-,1.27%
23-Oct-12,867.38,877,878.12,860.12,-,-1.11%
22-Oct-12,877.12,873.88,884.38,871.38,-,0.37%
21-Oct-12,873.88,873.38,876.25,871.62,-,0.32%
19-Oct-12,871.13,868.38,885.25,866.38,-,0.30%
18-Oct-12,868.5,856.38,875.88,855.75,-,1.43%
17-Oct-12,856.25,846.38,857.62,845.63,-,1.15%
16-Oct-12,846.5,856,857.5,843.88,-,-1.12%
15-Oct-12,856.12,852.62,857.25,841.63,-,0.38%
14-Oct-12,852.88,856.88,860.12,852.12,-,-0.47%
12-Oct-12,856.88,882.25,884.38,853.38,-,-2.89%
11-Oct-12,882.38,868.62,893.88,859.5,-,1.57%
10-Oct-12,868.75,864.38,876.63,863.63,-,0.52%
9-Oct-12,864.25,862.88,873.62,862.75,-,0.20%
8-Oct-12,862.5,858.63,867.12,856.75,-,0.42%
7-Oct-12,858.88,856.88,859.25,855.38,-,0.23%
5-Oct-12,856.88,872.13,872.62,856.62,-,-1.76%
4-Oct-12,872.25,870.25,882.62,867,-,0.22%
3-Oct-12,870.38,867.75,878.38,858.13,-,0.32%
2-Oct-12,867.62,880.12,882.38,864,-,-1.43%
1-Oct-12,880.25,895.5,901,872.38,-,-1.72%
30-Sep-12,895.63,902.12,904.13,892.12,-,-0.42%
28-Sep-12,899.38,855.75,906.5,850.75,-,5.08%
27-Sep-12,855.88,872.75,875.5,849.38,-,-1.95%
26-Sep-12,872.88,887.63,888.75,866.63,-,-1.68%
25-Sep-12,887.75,886.38,897.38,880.88,-,0.17%
24-Sep-12,886.25,902.75,904.38,883.63,-,-1.81%
23-Sep-12,902.62,896.25,906.88,896.25,-,0.42%
21-Sep-12,898.88,881.38,898.88,880.62,-,2.06%
20-Sep-12,880.75,884.88,893.62,869.12,-,-0.48%
19-Sep-12,885,867.5,885.88,866.63,-,2.11%
18-Sep-12,866.75,883.88,887.63,860.88,-,-1.91%
17-Sep-12,883.63,916.25,918.38,876.38,-,-3.55%
16-Sep-12,916.12,921.75,926.63,915.12,-,-1.05%
14-Sep-12,925.88,901.5,930.63,898.75,-,2.72%
13-Sep-12,901.38,890,904.88,885.75,-,1.29%
12-Sep-12,889.88,884,893.38,869,-,0.68%
11-Sep-12,883.88,888.25,898.12,882.38,-,-0.52%
10-Sep-12,888.5,908.75,917.38,885.38,-,-2.21%
9-Sep-12,908.63,902.75,909.88,901.38,-,0.35%
7-Sep-12,905.5,890.62,912.38,884.88,-,1.66%
6-Sep-12,890.75,867.75,894.38,867.62,-,2.64%
5-Sep-12,867.88,886.38,887.12,865.62,-,-2.10%
4-Sep-12,886.5,892,903.88,881.12,-,-0.24%
31-Aug-12,888.63,903.38,905.88,881.12,-,-1.65%
30-Aug-12,903.5,902.38,914.5,897.38,-,0.14%
29-Aug-12,902.25,876,908.13,874.13,-,3.01%
28-Aug-12,875.88,878.62,888.88,871.5,-,-0.33%
27-Aug-12,878.75,892.25,899.12,878.75,-,-1.49%
26-Aug-12,892,893.25,893.62,887.12,-,2.84%
24-Aug-12,867.38,874.25,885.75,866.12,-,-0.80%
23-Aug-12,874.38,895.62,903.25,871.62,-,-2.36%
22-Aug-12,895.5,897.5,898.62,889.62,-,-0.15%
21-Aug-12,896.88,879.25,904.62,878.25,-,1.99%
20-Aug-12,879.38,872.38,883.38,867.12,-,0.82%
19-Aug-12,872.25,873.75,876.75,871.5,-,-0.19%
17-Aug-12,873.88,863.62,879.75,863.12,-,1.17%
16-Aug-12,863.75,847,868.88,841.12,-,2.01%
15-Aug-12,846.75,845.5,850.62,840.62,-,0.13%
14-Aug-12,845.62,859.5,865.88,838.75,-,-1.60%
13-Aug-12,859.38,880.5,882.88,855,-,-2.43%
12-Aug-12,880.75,883.25,885.12,879,-,-0.70%
10-Aug-12,887,915.12,930.88,880.88,-,-3.09%
9-Aug-12,915.25,899.88,919.25,899.25,-,1.72%
8-Aug-12,899.75,887.12,902.12,869.5,-,1.38%
7-Aug-12,887.5,892,904.62,883.63,-,-0.49%
6-Aug-12,891.88,884.75,897,879.62,-,0.76%
5-Aug-12,885.12,884.25,888.38,876.88,-,-0.67%
3-Aug-12,891.12,861.62,906.88,860.75,-,3.44%
2-Aug-12,861.5,881.5,883.38,856.12,-,-2.28%
1-Aug-12,881.62,893.25,897,861.88,-,-1.23%
31-Jul-12,892.62,911.12,919.38,886.38,-,-2.02%
30-Jul-12,911,909.75,919.62,905.88,-,0.12%
29-Jul-12,909.88,908.13,912.88,903.12,-,1.24%
27-Jul-12,898.75,880.12,910.88,879.62,-,2.15%
26-Jul-12,879.88,892.88,904.13,873.88,-,-1.47%
25-Jul-12,893,863.62,908.75,863.25,-,3.43%
24-Jul-12,863.38,891.75,902.63,852.88,-,-3.20%
23-Jul-12,891.88,932.13,933.5,889.5,-,-4.33%
22-Jul-12,932.25,942,942,926.12,-,-1.23%
20-Jul-12,943.88,932.75,944.5,917,-,1.21%
19-Jul-12,932.63,898.88,937.88,896.75,-,3.81%
18-Jul-12,898.38,883.62,907.38,865.75,-,1.65%
17-Jul-12,883.75,895.75,898.12,867.75,-,-1.38%
16-Jul-12,896.12,867,897.38,864.5,-,3.37%
15-Jul-12,866.88,858,867.88,856.5,-,2.39%
13-Jul-12,846.62,845.25,865.5,845,-,0.13%
12-Jul-12,845.5,829.25,857.75,820.38,-,1.94%
11-Jul-12,829.38,822.62,848.38,803.62,-,0.84%
10-Jul-12,822.5,817.62,833.12,807,-,0.58%
9-Jul-12,817.75,821.38,844.62,815.62,-,-0.46%
8-Jul-12,821.5,818.38,823.75,815.88,-,1.78%
6-Jul-12,807.12,827.88,831.62,804.12,-,-2.52%
5-Jul-12,828,814.62,840.38,809.62,-,3.61%
3-Jul-12,799.12,775.38,800.38,774.38,-,3.05%
2-Jul-12,775.5,773.5,779.25,756.38,-,0.27%
1-Jul-12,773.38,758.88,773.88,758.88,-,1.91%
29-Jun-12,758.88,742.25,761.62,740.62,-,2.22%
28-Jun-12,742.38,747.75,757.12,741.88,-,-0.74%
27-Jun-12,747.88,742.12,763.38,739.38,-,0.81%
26-Jun-12,741.88,747.12,751.62,725.62,-,-0.69%
25-Jun-12,747,702.5,755.12,702.38,-,6.32%
24-Jun-12,702.62,696.5,706,696.5,-,4.15%
22-Jun-12,674.62,658.62,684.62,658.38,-,2.45%
21-Jun-12,658.5,658.38,681.5,655.12,-,-0.02%
20-Jun-12,658.62,649.75,664.38,641,-,1.39%
19-Jun-12,649.62,631.38,651.12,631.38,-,2.87%
18-Jun-12,631.5,615.38,633.88,613.25,-,2.60%
17-Jun-12,615.5,613.25,615.62,613.25,-,0.26%
15-Jun-12,613.88,621.38,626.62,607.75,-,-1.19%
14-Jun-12,621.25,619.25,628.88,616.38,-,0.34%
13-Jun-12,619.12,618,623.62,614.88,-,0.20%
12-Jun-12,617.88,627.12,638.75,613.38,-,-1.49%
11-Jun-12,627.25,630.12,642.12,627.12,-,-0.44%
10-Jun-12,630,631.25,634.12,629.88,-,-0.02%
8-Jun-12,630.12,635.38,638.62,627.88,-,-0.81%
7-Jun-12,635.25,625.75,644.38,620.38,-,1.54%
6-Jun-12,625.62,615.75,628.62,614.25,-,1.62%
5-Jun-12,615.62,628,630.88,612.12,-,-2.01%
4-Jun-12,628.25,613.62,631.12,613.38,-,2.40%
3-Jun-12,613.5,615.88,616,613.38,-,0.04%
1-Jun-12,613.25,645.38,646.25,611.25,-,-5.01%
31-May-12,645.62,652.38,653.75,643.12,-,-1.02%
30-May-12,652.25,660.12,660.88,644.38,-,-1.21%
29-May-12,660.25,674,683.75,655.88,-,-2.89%
25-May-12,679.88,665.25,687,661.88,-,2.18%
24-May-12,665.38,669.62,675.88,661.88,-,-0.67%
23-May-12,669.88,684.12,684.12,663.62,-,-2.05%
22-May-12,683.88,697.38,701.88,682.12,-,-1.95%
21-May-12,697.5,703.62,721.38,683.12,-,-0.91%
20-May-12,703.88,703.25,703.88,702.88,-,1.30%
18-May-12,694.88,657.75,697.12,652.62,-,5.66%
17-May-12,657.62,639,658.25,639,-,2.93%
16-May-12,638.88,609,640.12,604.12,-,4.88%
15-May-12,609.12,598.62,616.88,598.62,-,1.80%
14-May-12,598.38,598.62,601.88,592.38,-,-0.06%
13-May-12,598.75,599.12,600.88,598.62,-,0.36%
11-May-12,596.62,600.62,603.62,592.38,-,-0.71%
10-May-12,600.88,602.5,607.38,595.62,-,-0.25%
9-May-12,602.38,617.12,617.38,598.62,-,-2.41%
8-May-12,617.25,611.62,620.75,611.62,-,0.88%
7-May-12,611.88,609.12,613.88,600.88,-,0.49%
6-May-12,608.88,608.25,609.38,607.75,-,0.00%
4-May-12,608.88,618.25,620.62,599.62,-,-1.50%
3-May-12,618.12,616,621.62,613.38,-,0.32%
2-May-12,616.12,640.25,640.88,612.5,-,-3.73%
1-May-12,640,652.5,653.38,638.88,-,-1.93%
30-Apr-12,652.62,648.75,655.38,640.38,-,0.58%
29-Apr-12,648.88,647.5,651.38,647.5,-,-0.08%
27-Apr-12,649.38,636.12,654.88,632.75,-,2.10%
26-Apr-12,636,627.12,636.62,624.62,-,1.39%
25-Apr-12,627.25,638.88,642.5,624.12,-,-1.80%
24-Apr-12,638.75,632.88,646.62,631.38,-,0.91%
23-Apr-12,633,622.38,634.88,621.5,-,1.73%
22-Apr-12,622.25,623.25,623.62,621.38,-,0.87%
20-Apr-12,616.88,626,627.88,614.62,-,-1.44%
19-Apr-12,625.88,613.62,628.12,613.38,-,1.95%
18-Apr-12,613.88,616,618.5,604.25,-,-0.37%
17-Apr-12,616.12,618.62,626.88,615.12,-,-0.42%
16-Apr-12,618.75,620.38,625.38,615.12,-,-0.24%
15-Apr-12,620.25,623.25,623.25,619.5,-,-0.42%
13-Apr-12,622.88,640,643.12,618.62,-,-2.66%
12-Apr-12,639.88,629.75,645.38,629.12,-,1.59%
11-Apr-12,629.88,622.88,633.62,619.88,-,1.14%
10-Apr-12,622.75,641.5,651.62,622.62,-,-2.90%
9-Apr-12,641.38,641.75,648.88,636.88,-,-0.04%
8-Apr-12,641.62,636.62,642.62,636.62,-,0.47%
5-Apr-12,638.62,641.5,649.62,636.12,-,-0.41%
4-Apr-12,641.25,658.25,658.25,635.62,-,-2.60%
3-Apr-12,658.38,653.75,658.88,650.12,-,0.69%
2-Apr-12,653.88,663.38,664.12,649.38,-,-1.45%
1-Apr-12,663.5,662.88,665.62,662,-,0.70%
30-Mar-12,658.88,616.75,668.62,613.62,-,6.85%
29-Mar-12,616.62,633.38,635.12,611.5,-,-2.63%
28-Mar-12,633.25,640.75,646.12,630.12,-,-1.19%
27-Mar-12,640.88,658.88,663.38,638.88,-,-2.71%
26-Mar-12,658.75,650.12,670.38,650.12,-,1.31%
25-Mar-12,650.25,654.88,655.25,650.12,-,-0.67%
23-Mar-12,654.62,648.88,654.88,646.38,-,0.91%
22-Mar-12,648.75,640.62,650.38,631.38,-,1.25%
21-Mar-12,640.75,642.88,647.25,635.62,-,-0.31%
20-Mar-12,642.75,652.12,652.38,640.12,-,-1.46%
19-Mar-12,652.25,674.38,674.88,651.62,-,-3.30%
18-Mar-12,674.5,670.88,675.12,670.12,-,0.35%
16-Mar-12,672.12,663.5,672.62,660.25,-,1.28%
15-Mar-12,663.62,646.12,665.38,643.38,-,2.69%
14-Mar-12,646.25,649.75,650.88,640.88,-,-0.50%
13-Mar-12,649.5,651.38,657.38,645.25,-,-0.25%
12-Mar-12,651.12,639.12,653.12,638.75,-,1.86%
11-Mar-12,639.25,643.12,643.12,638.25,-,-0.25%
9-Mar-12,640.88,635.38,649.88,634.38,-,0.98%
8-Mar-12,634.62,640.75,647.5,633.62,-,-0.63%
7-Mar-12,638.62,658.62,658.62,636.38,-,-2.82%
6-Mar-12,657.12,671.38,671.5,655.38,-,-2.05%
5-Mar-12,670.88,673.5,677.5,667.88,-,-0.20%
2-Mar-12,672.25,663.38,675.38,657.75,-,1.40%
1-Mar-12,663,666.62,672.62,658.88,-,-0.73%
29-Feb-12,667.88,666.25,674.38,660.38,-,0.07%
28-Feb-12,667.38,651.75,668.88,649.62,-,2.08%
27-Feb-12,653.75,643.12,653.75,633.38,-,1.79%
24-Feb-12,642.25,641.88,643.38,632.62,-,0.21%
23-Feb-12,640.88,644.12,645.62,635.38,-,-0.62%
22-Feb-12,644.88,632.75,645.75,628.62,-,1.78%
21-Feb-12,633.62,648.12,648.12,623.88,-,-1.63%
17-Feb-12,644.12,626.62,646.62,626,-,2.71%
16-Feb-12,627.12,627.75,632.38,621.12,-,0.16%
15-Feb-12,626.12,635.12,640.12,624.38,-,-1.28%
14-Feb-12,634.25,640.75,642.88,632.62,-,-1.19%
13-Feb-12,641.88,635.12,642.12,631.38,-,1.91%
10-Feb-12,629.88,645.12,645.62,628.62,-,-2.40%
9-Feb-12,645.38,660.88,664.75,641.88,-,-2.38%
8-Feb-12,661.12,662.12,669.62,653.12,-,0.00%
7-Feb-12,661.12,669.12,671.88,655.38,-,-1.12%
6-Feb-12,668.62,660.25,668.88,656.75,-,1.25%
3-Feb-12,660.38,663.38,670.75,653.88,-,-0.19%
2-Feb-12,661.62,674.5,674.5,657.38,-,-1.93%
1-Feb-12,674.62,666.75,683.25,666.62,-,1.20%
31-Jan-12,666.62,645.25,667.38,644.88,-,3.53%
30-Jan-12,643.88,646.62,653.88,635.38,-,-0.52%
27-Jan-12,647.25,652.75,656.38,645.38,-,-0.90%
26-Jan-12,653.12,640.88,658,639.88,-,1.79%
25-Jan-12,641.62,632.88,648.75,629.62,-,1.26%
24-Jan-12,633.62,619.88,637.88,614.12,-,2.26%
23-Jan-12,619.62,613.62,620.5,613.62,-,1.47%
20-Jan-12,610.62,605.12,611.75,597.12,-,0.74%
19-Jan-12,606.12,592.38,606.38,591.88,-,2.36%
18-Jan-12,592.12,605.75,606.25,590.12,-,-2.11%
17-Jan-12,604.88,603.38,611.75,601.62,-,0.54%
13-Jan-12,601.62,603.88,609.88,599.12,-,-0.70%
12-Jan-12,605.88,641.38,648.62,592,-,-5.81%
11-Jan-12,643.25,639.12,643.25,632.5,-,0.57%
10-Jan-12,639.62,640.62,644.62,634.38,-,-0.43%
9-Jan-12,642.38,625.75,644.88,625.25,-,2.84%
6-Jan-12,624.62,629.38,636.88,624.62,-,-0.44%
5-Jan-12,627.38,649.12,650.12,627.12,-,-3.50%
4-Jan-12,650.12,656.38,661.12,645.62,-,-1.25%
3-Jan-12,658.38,665.88,670.5,654,-,0.80%
2-Jan-12,653.12,653.12,653.12,653.12,-,0.00%
30-Dec-11,653.12,644.38,654.38,642.62,-,1.24%
29-Dec-11,645.12,649.38,654.38,641.88,-,-0.85%
28-Dec-11,650.62,643.62,655.75,641.5,-,1.09%
27-Dec-11,643.62,629.12,646.88,628.88,-,3.52%
26-Dec-11,621.75,621.75,621.75,621.75,-,0.00%
25-Dec-11,621.75,621.75,621.75,621.75,-,-0.04%
23-Dec-11,622,620.62,627.62,618.62,-,0.08%
22-Dec-11,621.5,617.12,625.62,611.5,-,0.61%
21-Dec-11,617.75,606.62,617.88,600.62,-,1.79%
20-Dec-11,606.88,599.5,608.62,595.75,-,1.00%
19-Dec-11,600.88,585.88,603.12,581.88,-,3.04%
16-Dec-11,583.12,578.75,587.38,577.25,-,0.82%
15-Dec-11,578.38,582.62,587.75,578.38,-,-0.54%
14-Dec-11,581.5,600.38,602.62,579.62,-,-3.35%
13-Dec-11,601.62,594.12,608.88,593.38,-,1.30%
12-Dec-11,593.88,593.88,601.62,587.5,-,-0.27%
11-Dec-11,595.5,595.5,595.5,595.5,-,-0.10%
9-Dec-11,596.12,595.38,599.25,584.12,-,0.04%
8-Dec-11,595.88,600,602.88,591.25,-,-0.75%
7-Dec-11,600.38,612.38,615.38,598.88,-,-1.96%
6-Dec-11,612.38,611.38,616.88,600.38,-,0.08%
5-Dec-11,611.88,627.38,631.5,607.62,-,-2.35%
2-Dec-11,626.62,616,631.25,611.88,-,1.99%
1-Dec-11,614.38,615,624.88,605.88,-,-0.08%
30-Nov-11,614.88,613.88,629,607.38,-,0.00%
29-Nov-11,614.88,592.5,618.88,591.12,-,3.71%
28-Nov-11,592.88,595.12,603.38,590.12,-,3.29%
25-Nov-11,574,578.25,586.12,572.5,-,-0.99%
23-Nov-11,579.75,594.25,595.75,577.38,-,-2.42%
22-Nov-11,594.12,592.38,597,586.12,-,0.38%
21-Nov-11,591.88,598.62,601.62,584.62,-,-0.80%
18-Nov-11,596.62,593.25,602.38,586.62,-,0.80%
17-Nov-11,591.88,616.12,617.62,590.62,-,-4.09%
16-Nov-11,617.12,631.62,639.5,615.12,-,-2.35%
15-Nov-11,632,616,634.12,612.38,-,2.83%
14-Nov-11,614.62,616.88,622,610.5,-,-0.55%
11-Nov-11,618,619.75,625.62,609.62,-,-0.54%
10-Nov-11,621.38,641.62,648.5,618.88,-,-3.31%
9-Nov-11,642.62,655.62,657.62,633.75,-,-2.36%
8-Nov-11,658.12,639,659.12,636.75,-,2.99%
7-Nov-11,639,638.88,640.62,630.12,-,0.57%
4-Nov-11,635.38,634.88,639.88,623.5,-,0.12%
3-Nov-11,634.62,623.75,644.12,620.25,-,1.64%
2-Nov-11,624.38,625.88,638.12,620.38,-,-0.28%
1-Nov-11,626.12,629.62,633.75,612.5,-,-0.50%
31-Oct-11,629.25,647.5,647.88,619.5,-,-2.84%
30-Oct-11,647.62,644.75,647.88,644.75,-,0.23%
28-Oct-11,646.12,643.25,652.62,636.38,-,0.54%
27-Oct-11,642.62,621.5,647.62,621.5,-,3.42%
26-Oct-11,621.38,636,643.38,616.62,-,-2.20%
25-Oct-11,635.38,642.38,646.88,634.25,-,-1.09%
24-Oct-11,642.38,633.25,646.88,632.62,-,1.36%
23-Oct-11,633.75,631.88,633.75,630.75,-,0.50%
21-Oct-11,630.62,631.5,649.62,628.38,-,-0.04%
20-Oct-11,630.88,616.88,632.88,613.75,-,2.25%
19-Oct-11,617,629.75,636.88,616.75,-,-2.01%
18-Oct-11,629.62,624.62,630.88,613.12,-,0.76%
17-Oct-11,624.88,622.25,634.12,620.12,-,0.56%
16-Oct-11,621.38,623.88,626.38,621.38,-,-0.40%
14-Oct-11,623.88,622.12,632.88,612.5,-,0.34%
13-Oct-11,621.75,624.12,630.38,605.5,-,-0.34%
12-Oct-11,623.88,658.12,662.5,620.12,-,-5.11%
11-Oct-11,657.5,614.75,665.12,612.5,-,6.98%
10-Oct-11,614.62,612.62,628.62,610.62,-,0.41%
9-Oct-11,612.12,607.62,613.12,606.62,-,0.53%
7-Oct-11,608.88,615.25,622.88,606.38,-,-1.02%
6-Oct-11,615.12,626.5,639.38,613.5,-,-1.80%
5-Oct-11,626.38,611,628.62,607.38,-,2.50%
4-Oct-11,611.12,615.75,620.62,597,-,-0.77%
3-Oct-11,615.88,612.25,622.75,596.88,-,0.57%
2-Oct-11,612.38,609.12,613.75,608.62,-,1.05%
30-Sep-11,606,658.62,661.25,605.38,-,-7.97%
29-Sep-11,658.5,632.75,661.38,627.38,-,4.07%
28-Sep-11,632.75,651.75,657.38,632.75,-,-3.01%
27-Sep-11,652.38,654.62,669.62,650.38,-,-0.32%
26-Sep-11,654.5,644.75,655.25,624.88,-,1.30%
25-Sep-11,646.12,646.38,647.62,643.88,-,0.54%
23-Sep-11,642.62,637.75,649.38,634.12,-,0.78%
22-Sep-11,637.62,662.62,662.62,632.62,-,-3.70%
21-Sep-11,662.12,673.38,682.62,661,-,-1.63%
20-Sep-11,673.12,676.38,687.62,672.25,-,-0.52%
19-Sep-11,676.62,688.62,688.62,667.12,-,-1.72%
18-Sep-11,688.5,688.38,691,687,-,-0.70%
16-Sep-11,693.38,698.38,705,689.75,-,-0.63%
15-Sep-11,697.75,704.75,704.88,686.25,-,-0.89%
14-Sep-11,704,703.75,712.5,698.12,-,0.02%
13-Sep-11,703.88,730.88,731.88,696.25,-,-3.79%
12-Sep-11,731.62,727.75,734.88,711.62,-,0.50%
11-Sep-11,728,730.12,730.12,726.62,-,-0.15%
9-Sep-11,729.12,738.25,742.12,727.12,-,-1.22%
8-Sep-11,738.12,753,753.62,733.62,-,-2.04%
7-Sep-11,753.5,763.62,772.75,748.12,-,-1.33%
6-Sep-11,763.62,765.88,770.25,750.12,-,-0.26%
5-Sep-11,765.62,776.62,776.62,762.88,-,-1.32%
2-Sep-11,775.88,765.12,777.88,758.12,-,1.40%
1-Sep-11,765.12,787.88,789.12,758.38,-,-2.92%
31-Aug-11,788.12,786,793.88,775.38,-,0.29%
30-Aug-11,785.88,789.62,795.5,781.38,-,-0.49%
29-Aug-11,789.75,770.25,805.62,765.25,-,2.48%
28-Aug-11,770.62,761.75,770.62,761.75,-,1.13%
26-Aug-11,762,753.5,768.62,747.38,-,1.01%
25-Aug-11,754.38,746.38,763.88,735.88,-,1.04%
24-Aug-11,746.62,755,763.88,745.38,-,-1.11%
23-Aug-11,755,737.38,758.75,737.38,-,2.36%
22-Aug-11,737.62,732.12,746.5,732.12,-,0.75%
21-Aug-11,732.12,734.62,734.62,730.88,-,0.05%
19-Aug-11,731.75,706.12,733.38,701.12,-,3.63%
18-Aug-11,706.12,725.62,725.75,700.5,-,-2.67%
17-Aug-11,725.5,725.75,739.25,722.62,-,-0.02%
16-Aug-11,725.62,710.5,732.5,704.5,-,2.15%
15-Aug-11,710.38,711.38,721.12,707.5,-,-0.11%
14-Aug-11,711.12,705.38,711.75,704.88,-,1.07%
12-Aug-11,703.62,703.5,718.62,696.38,-,0.07%
11-Aug-11,703.12,684.88,719.88,680.38,-,2.72%
10-Aug-11,684.5,683.12,690.75,676.62,-,0.24%
9-Aug-11,682.88,651.62,687.12,643.62,-,4.76%
8-Aug-11,651.88,673.5,677.38,642.5,-,-3.23%
7-Aug-11,673.62,666.75,675.75,665.62,-,-0.61%
5-Aug-11,677.75,673.12,682.38,665.62,-,0.71%
4-Aug-11,673,705.5,706.25,667.5,-,-4.52%
3-Aug-11,704.88,715.25,718.62,703.38,-,-1.47%
2-Aug-11,715.38,680.88,722.5,667.75,-,5.05%
1-Aug-11,681,674.5,690.38,670.12,-,0.91%
31-Jul-11,674.88,671.12,676,670.38,-,0.30%
29-Jul-11,672.88,697.88,699.75,670,-,-3.51%
28-Jul-11,697.38,700,714.62,692.38,-,-0.36%
27-Jul-11,699.88,692.25,712.12,686.25,-,1.12%
26-Jul-11,692.12,687.75,698.88,679.38,-,0.65%
25-Jul-11,687.62,683.75,695.12,671.62,-,0.59%
24-Jul-11,683.62,684,687.75,681.5,-,-1.41%
22-Jul-11,693.38,680.25,693.38,669.5,-,1.85%
21-Jul-11,680.75,687.5,702.25,672,-,-0.96%
20-Jul-11,687.38,701,707.12,685.12,-,-1.89%
19-Jul-11,700.62,693.75,727.5,689.25,-,1.01%
18-Jul-11,693.62,681.5,694.62,676.25,-,1.80%
17-Jul-11,681.38,694.5,695.38,680.12,-,-2.01%
15-Jul-11,695.38,707.62,715.62,692.75,-,-1.77%
14-Jul-11,707.88,716.25,720.25,690.5,-,-1.13%
13-Jul-11,716,667.5,719.12,665.12,-,7.27%
12-Jul-11,667.5,638.25,676,617.62,-,4.60%
11-Jul-11,638.12,647.38,649.88,626.88,-,-1.43%
10-Jul-11,647.38,655.25,655.25,646.25,-,-0.40%
8-Jul-11,650,634.75,657.25,633.62,-,2.32%
7-Jul-11,635.25,623.62,639.88,619.25,-,1.78%
6-Jul-11,624.12,635.38,639.38,620.12,-,-1.75%
5-Jul-11,635.25,625.38,640.88,623.12,-,1.54%
4-Jul-11,625.62,611.12,625.88,611.12,-,2.29%
1-Jul-11,611.62,600.5,623,592.88,-,1.87%
30-Jun-11,600.38,674.75,677.75,596,-,-11.06%
29-Jun-11,675,680.62,696.88,662.12,-,-0.84%
28-Jun-11,680.75,657.88,682,653.38,-,3.52%
27-Jun-11,657.62,653.12,658.88,642.62,-,0.71%
26-Jun-11,653,661.25,661.25,652.62,-,3.38%
24-Jun-11,631.62,645.88,659,631.62,-,-2.19%
23-Jun-11,645.75,636.75,651.88,606.12,-,1.39%
22-Jun-11,636.88,677.38,680.25,617.38,-,-5.96%
21-Jun-11,677.25,658.38,680.62,655.88,-,2.85%
20-Jun-11,658.5,673.88,674.62,656.12,-,-2.30%
19-Jun-11,674,673.75,675.12,671.88,-,0.32%
17-Jun-11,671.88,671.25,683.62,664.12,-,0.15%
16-Jun-11,670.88,711,712.88,666.25,-,-5.69%
15-Jun-11,711.38,732,734.12,701.25,-,-2.80%
14-Jun-11,731.88,745.88,746.75,714.5,-,-1.98%
13-Jun-11,746.62,766.38,768.62,740.38,-,-2.59%
12-Jun-11,766.5,760.62,769.88,760.62,-,0.87%
10-Jun-11,759.88,748.5,763.38,738.12,-,1.57%
9-Jun-11,748.12,752,769.5,739.62,-,-0.50%
8-Jun-11,751.88,741.62,759.12,731.88,-,1.42%
7-Jun-11,741.38,746.62,746.88,731.38,-,-0.62%
6-Jun-11,746,774.88,777.38,741.25,-,-3.77%
5-Jun-11,775.25,772.25,777.88,772,-,0.31%
3-Jun-11,772.88,772.25,780.88,759.25,-,0.05%
2-Jun-11,772.5,761.62,774.12,758.62,-,1.44%
1-Jun-11,761.5,787.12,787.62,754.38,-,-3.26%
31-May-11,787.12,792.62,806.38,773,-,-0.71%
30-May-11,792.75,793.5,794.88,784.62,-,-3.40%
27-May-11,820.62,819,826.88,803.62,-,0.21%
26-May-11,818.88,802.38,828.5,802,-,1.99%
25-May-11,802.88,787.62,802.88,778.12,-,1.92%
24-May-11,787.75,797.5,809.5,777.75,-,-1.25%
23-May-11,797.75,820.38,820.38,785.75,-,-2.73%
22-May-11,820.12,816.62,820.88,812.38,-,1.67%
20-May-11,806.62,808.75,818.75,791.12,-,-0.25%
19-May-11,808.62,819.25,834.38,805.12,-,-1.24%
18-May-11,818.75,771.5,826.75,767.62,-,6.14%
17-May-11,771.38,736,773.88,731.88,-,4.79%
16-May-11,736.12,738.75,747.25,730.62,-,-0.37%
15-May-11,738.88,730.5,742.12,730.5,-,1.34%
13-May-11,729.12,738.62,749,723.25,-,-1.27%
12-May-11,738.5,759.62,764.75,728.88,-,-2.76%
11-May-11,759.5,799.75,804.38,756.62,-,-5.05%
10-May-11,799.88,792.75,816.38,792.12,-,0.93%
9-May-11,792.5,774.5,797.5,769.25,-,2.46%
8-May-11,773.5,766.38,777.75,763.62,-,2.60%
6-May-11,753.88,752.88,777.5,740.25,-,0.07%
5-May-11,753.38,772.62,780.5,749,-,-2.44%
4-May-11,772.25,793,794.25,768.12,-,-2.60%
3-May-11,792.88,795.75,799.62,782.25,-,-0.35%
2-May-11,795.62,801.25,824.38,789.62,-,-0.67%
1-May-11,801,801.38,803.75,790.5,-,-0.39%
29-Apr-11,804.12,770.38,805.38,768.38,-,4.43%
28-Apr-11,770,818.12,820.25,767.62,-,-6.00%
27-Apr-11,819.12,850.62,852.88,800.38,-,-3.73%
26-Apr-11,850.88,862.12,862.75,834.25,-,-1.28%
25-Apr-11,861.88,849.12,864.75,845.88,-,1.47%
24-Apr-11,849.38,847.25,849.62,842.63,-,1.81%
22-Apr-11,834.25,834.25,834.25,834.25,-,0.04%
21-Apr-11,833.88,824,834.88,816,-,1.21%
20-Apr-11,823.88,824.88,843.38,816.38,-,-0.12%
19-Apr-11,824.88,815.38,829.62,810.5,-,1.20%
18-Apr-11,815.12,782.12,818,775.88,-,4.15%
17-Apr-11,782.62,779.5,782.62,776.25,-,5.12%
15-Apr-11,744.5,745.75,748.62,730.25,-,-0.13%
14-Apr-11,745.5,758.12,758.62,734.25,-,-1.81%
13-Apr-11,759.25,757.38,769.62,741.75,-,0.21%
12-Apr-11,757.62,800.12,800.25,750.62,-,-5.31%
11-Apr-11,800.12,807.25,808.88,786.5,-,-0.85%
10-Apr-11,807,803.38,808.88,803.38,-,0.95%
8-Apr-11,799.38,775,801.75,766.88,-,3.16%
7-Apr-11,774.88,778.38,792,757.12,-,-0.47%
6-Apr-11,778.5,784.88,792.38,776.12,-,-0.78%
5-Apr-11,784.62,789.38,798.12,778.62,-,-0.62%
4-Apr-11,789.5,766.88,792.88,766.38,-,3.00%
3-Apr-11,766.5,764.88,769.38,764.62,-,0.81%
1-Apr-11,760.38,759.75,773.62,745.12,-,0.16%
31-Mar-11,759.12,726.88,773.25,722.25,-,4.44%
30-Mar-11,726.88,738.75,741.62,723.25,-,-1.62%
29-Mar-11,738.88,722.38,741.62,721.88,-,2.18%
28-Mar-11,723.12,739.5,739.62,721.12,-,-2.23%
27-Mar-11,739.62,735.88,739.62,735.5,-,0.66%
25-Mar-11,734.75,743.12,752.38,726.62,-,-1.03%
24-Mar-11,742.38,713.5,743.62,710.12,-,4.05%
23-Mar-11,713.5,726.38,728.62,706.12,-,-1.62%
22-Mar-11,725.25,718.5,729.88,705.5,-,0.92%
21-Mar-11,718.62,737.62,738.25,717.38,-,-2.74%
20-Mar-11,738.88,724.12,741.38,719.88,-,1.93%
18-Mar-11,724.88,715.88,748.88,714.5,-,1.33%
17-Mar-11,715.38,671.38,718.62,667.38,-,6.51%
16-Mar-11,671.62,680.12,697.38,656.5,-,-1.34%
15-Mar-11,680.75,722,723.38,661.12,-,-5.73%
14-Mar-11,722.12,712.25,729.88,706.12,-,1.26%
13-Mar-11,713.12,719.5,719.62,710.62,-,-0.59%
11-Mar-11,717.38,737.62,740.25,704.12,-,-2.99%
10-Mar-11,739.5,762.88,765.62,734.25,-,-2.62%
9-Mar-11,759.38,782.12,788.88,749.88,-,-2.80%
8-Mar-11,781.25,801.62,803.12,778.38,-,-2.33%
7-Mar-11,799.88,831.38,833.5,798.38,-,-3.93%
4-Mar-11,832.62,821.25,836.88,813.75,-,1.12%
3-Mar-11,823.38,810.12,826.38,804.62,-,1.48%
2-Mar-11,811.38,809.88,829.88,796.38,-,0.06%
1-Mar-11,810.88,819.25,823.12,797.38,-,-0.67%
28-Feb-11,816.38,819.62,820.62,799.25,-,0.34%
25-Feb-11,813.62,783.88,828.62,783.88,-,4.16%
24-Feb-11,781.12,799.62,804.38,776.62,-,-2.01%
23-Feb-11,797.12,793.75,801.25,757.62,-,0.09%
22-Feb-11,796.38,858.88,869.13,795.38,-,-7.01%
18-Feb-11,856.38,883.75,885.5,850.75,-,-3.07%
17-Feb-11,883.5,870.25,885.25,870.25,-,5.51%
16-Feb-11,837.38,843.62,848.75,825.62,-,-0.34%
15-Feb-11,840.25,873,873.62,830.88,-,-3.68%
14-Feb-11,872.38,875.62,884.38,869.62,-,0.55%
11-Feb-11,867.62,865.88,871.13,855.63,-,0.73%
10-Feb-11,861.38,885.75,885.75,861.38,-,-3.03%
9-Feb-11,888.25,876.75,892.38,875.75,-,1.64%
8-Feb-11,873.88,859.88,880.63,844.25,-,1.75%
7-Feb-11,858.88,861.12,869.38,851.63,-,0.51%
4-Feb-11,854.5,859.38,864.62,842.62,-,-0.45%
3-Feb-11,858.38,862.63,872.5,847.13,-,-0.52%
2-Feb-11,862.88,836.12,864.38,835.5,-,3.29%
1-Feb-11,835.38,843.5,844.88,831.62,-,-0.39%
31-Jan-11,838.63,824.12,847.62,823.12,-,1.70%
28-Jan-11,824.62,847.38,849.12,824.62,-,-2.66%
27-Jan-11,847.13,858.38,863.38,845.63,-,-1.14%
26-Jan-11,856.88,840.62,861.12,839.5,-,2.15%
25-Jan-11,838.88,835.62,838.88,820.88,-,0.36%
24-Jan-11,835.88,829,839.13,823.62,-,1.36%
23-Jan-11,824.62,824.62,824.62,824.62,-,-0.02%
21-Jan-11,824.75,805.12,829.88,798.75,-,2.79%
20-Jan-11,802.38,797.88,805.5,782.75,-,0.47%
19-Jan-11,798.62,793,807.88,792.88,-,0.66%
18-Jan-11,793.38,775.88,793.88,773.62,-,2.59%
17-Jan-11,773.38,773.38,773.38,773.38,-,-0.06%
14-Jan-11,773.88,784.25,784.75,763.12,-,-0.96%
13-Jan-11,781.38,775.62,787.12,769.62,-,1.00%
12-Jan-11,773.62,761.62,789.88,760.38,-,1.98%
11-Jan-11,758.62,770.38,776.88,758.62,-,-1.04%
10-Jan-11,766.62,777.12,783,766.62,-,-0.71%
7-Jan-11,772.12,788.62,793.75,772.12,-,-2.03%
6-Jan-11,788.12,809,809.5,788,-,-2.69%
5-Jan-11,809.88,793.38,809.88,776.62,-,2.78%
4-Jan-11,788,803.25,808.75,783.38,-,-2.14%
3-Jan-11,805.25,793.12,824.5,793.12,-,1.59%
31-Dec-10,792.62,786.12,795.62,781.12,-,1.00%
30-Dec-10,784.75,798.75,798.75,776.88,-,-1.80%
29-Dec-10,799.12,799.62,806.12,786.5,-,0.00%
28-Dec-10,799.12,779.75,801.88,779.5,-,2.47%
27-Dec-10,779.88,773.62,783.5,768.5,-,-0.35%
24-Dec-10,782.62,782.62,782.62,782.62,-,-0.13%
23-Dec-10,783.62,784.88,788.12,776.12,-,0.00%
22-Dec-10,783.62,763.5,785.12,756.38,-,2.48%
21-Dec-10,764.62,770.38,771.62,762.25,-,-0.68%
20-Dec-10,769.88,760.25,776.38,759.88,-,1.63%
17-Dec-10,757.5,752.88,757.5,742.38,-,1.02%
16-Dec-10,749.88,764.25,766.5,746.62,-,-1.83%
15-Dec-10,763.88,761,776.38,759.75,-,0.33%
14-Dec-10,761.38,779.88,781.5,754.88,-,-2.45%
13-Dec-10,780.5,773.88,784.75,766.38,-,0.66%
12-Dec-10,775.38,775.38,775.38,775.38,-,-0.06%
10-Dec-10,775.88,788.75,797.88,774.12,-,-1.65%
9-Dec-10,788.88,785.5,790.12,779.75,-,0.61%
8-Dec-10,784.12,780.62,792.38,766.38,-,0.13%
7-Dec-10,783.12,795.75,808.25,777.12,-,-1.37%
6-Dec-10,794,786.25,798.62,774.38,-,1.75%
3-Dec-10,780.38,756.12,781.88,754.75,-,4.31%
2-Dec-10,748.12,742.38,767.12,732.75,-,1.29%
1-Dec-10,738.62,692.62,744.88,691.12,-,7.11%
30-Nov-10,689.62,692.25,697.88,686.12,-,-0.25%
29-Nov-10,691.38,689.12,701.25,687.12,-,0.69%
26-Nov-10,686.62,686.38,692.62,683.75,-,0.16%
24-Nov-10,685.5,682.88,688.25,681.12,-,1.01%
23-Nov-10,678.62,686.75,690.88,673.5,-,-0.84%
22-Nov-10,684.38,684,691.88,678.75,-,0.31%
19-Nov-10,682.25,648.12,696.75,639.38,-,5.63%
18-Nov-10,645.88,634.12,657.25,634.12,-,2.09%
17-Nov-10,632.62,627.5,646.88,619.38,-,1.00%
16-Nov-10,626.38,670.88,673.88,624.5,-,-6.53%
15-Nov-10,670.12,674.75,684.62,667.62,-,0.19%
12-Nov-10,668.88,704.88,710.38,661.38,-,-5.04%
11-Nov-10,704.38,708.25,722.5,701.88,-,-0.70%
10-Nov-10,709.38,721.5,723.38,698.75,-,-1.53%
9-Nov-10,720.38,735.75,760.38,717.75,-,-2.27%
8-Nov-10,737.12,729.75,738.62,721.38,-,1.10%
5-Nov-10,729.12,720.88,731.12,705.12,-,1.18%
4-Nov-10,720.62,694.62,722.75,693,-,3.67%
3-Nov-10,695.12,695.75,699.25,680.62,-,-0.11%
2-Nov-10,695.88,706.62,712.12,692.62,-,-1.56%
1-Nov-10,706.88,727.12,727.88,701.38,-,-2.82%
31-Oct-10,727.38,725,727.38,719.62,-,1.62%
29-Oct-10,715.75,718.62,724.88,711.75,-,-0.40%
28-Oct-10,718.62,704.5,721.38,701.25,-,2.06%
27-Oct-10,704.12,699.62,707.12,687.88,-,0.61%
26-Oct-10,699.88,675.38,700.75,670.75,-,3.65%
25-Oct-10,675.25,675.75,684.62,670.12,-,0.09%
24-Oct-10,674.62,669.5,676.12,669.25,-,0.67%
22-Oct-10,670.12,671.12,675.88,665.12,-,-0.04%
21-Oct-10,670.38,692.12,692.38,667.38,-,-3.09%
20-Oct-10,691.75,674.75,691.75,674.12,-,2.52%
19-Oct-10,674.75,693.62,696.38,668.62,-,-2.58%
18-Oct-10,692.62,706.88,708.38,688.88,-,-2.05%
17-Oct-10,707.12,702.25,707.38,699.75,-,0.64%
15-Oct-10,702.62,705.62,713.62,695.12,-,-0.30%
14-Oct-10,704.75,706.88,711.88,697.88,-,-0.16%
13-Oct-10,705.88,712.75,721.5,695.12,-,-0.86%
12-Oct-10,712,709,719.38,703.12,-,0.44%
11-Oct-10,708.88,725.25,732.88,703.12,-,-2.27%
10-Oct-10,725.38,737.62,738,716.25,-,0.83%
8-Oct-10,719.38,662.12,721.12,657.25,-,8.71%
7-Oct-10,661.75,660.5,675.88,656.62,-,0.21%
6-Oct-10,660.38,666.75,673.12,655.12,-,-0.94%
5-Oct-10,666.62,648.25,667.62,644.5,-,2.83%
4-Oct-10,648.25,653.75,655.38,643.75,-,-0.75%
3-Oct-10,653.12,650.88,655.12,646.5,-,-0.19%
1-Oct-10,654.38,674.88,678.25,647.12,-,-3.22%
30-Sep-10,676.12,682.88,684.88,651.12,-,-1.04%
29-Sep-10,683.25,685.62,688.12,663.5,-,-0.36%
28-Sep-10,685.75,702.25,707.62,683.88,-,-2.23%
27-Sep-10,701.38,728.88,730.75,700.25,-,-3.74%
26-Sep-10,728.62,721.62,728.88,721.12,-,1.22%
24-Sep-10,719.88,698.12,722.88,698.12,-,3.04%
23-Sep-10,698.62,716.12,717.12,693.38,-,-2.41%
22-Sep-10,715.88,723.5,731.38,713.62,-,-1.07%
21-Sep-10,723.62,727.62,733.88,716.75,-,-0.48%
20-Sep-10,727.12,744.5,756.75,727.12,-,-2.38%
19-Sep-10,744.88,739.62,744.88,738.25,-,0.90%
17-Sep-10,738.25,725.12,742.62,724.88,-,1.85%
16-Sep-10,724.88,729.62,737.25,711.88,-,-0.75%
15-Sep-10,730.38,737.5,743.88,723.25,-,-0.95%
14-Sep-10,737.38,746.75,750.62,730.88,-,-1.35%
13-Sep-10,747.5,735.12,753.38,735,-,1.72%
12-Sep-10,734.88,737.62,738.62,732.62,-,-0.34%
10-Sep-10,737.38,734.5,744.25,717.62,-,0.37%
9-Sep-10,734.62,713.88,742.62,706.12,-,2.94%
8-Sep-10,713.62,733,735.25,708.62,-,-2.76%
7-Sep-10,733.88,741.38,746.5,727.38,-,-1.03%
6-Sep-10,741.5,741.12,748.25,737,-,0.05%
5-Sep-10,741.12,741.12,741.12,741.12,-,-0.08%
3-Sep-10,741.75,715.12,741.75,714.12,-,3.72%
2-Sep-10,715.12,708.25,722.62,707.5,-,1.04%
1-Sep-10,707.75,689.38,711.25,688.62,-,2.67%
31-Aug-10,689.38,702.12,713.88,683.75,-,-1.78%
30-Aug-10,701.88,705,728.62,697.5,-,-0.41%
29-Aug-10,704.75,694.25,705.88,694.25,-,1.64%
27-Aug-10,693.38,694.38,704.75,687.38,-,-0.22%
26-Aug-10,694.88,685.88,697.38,685.25,-,1.31%
25-Aug-10,685.88,704.25,716.12,679.38,-,-2.61%
24-Aug-10,704.25,722.5,722.75,700.62,-,-2.51%
23-Aug-10,722.38,712.88,729,712.5,-,1.28%
22-Aug-10,713.25,711.25,713.38,709.62,-,0.28%
20-Aug-10,711.25,724.25,728.88,704.38,-,-1.74%
19-Aug-10,723.88,661.12,730.62,661,-,9.47%
18-Aug-10,661.25,655.88,665.12,645,-,0.92%
17-Aug-10,655.25,666.12,676.5,649.62,-,-1.61%
16-Aug-10,666,694.12,708.62,656.38,-,-4.10%
15-Aug-10,694.5,701.25,702.38,691.12,-,-0.94%
13-Aug-10,701.12,717.75,724.38,701.12,-,-2.23%
12-Aug-10,717.12,693,734.25,692.38,-,3.44%
11-Aug-10,693.25,705,709.38,680.62,-,-1.68%
10-Aug-10,705.12,709.88,718.12,690.38,-,-0.69%
9-Aug-10,710,693.38,737.88,686.88,-,2.43%
8-Aug-10,693.12,725.62,725.62,684.75,-,-4.61%
6-Aug-10,726.62,815.5,840.88,725.38,-,-10.91%
5-Aug-10,815.62,726.12,826.38,724.62,-,12.31%
4-Aug-10,726.25,679.25,731.62,678.38,-,6.90%
3-Aug-10,679.38,691.88,697.38,675.25,-,-1.97%
2-Aug-10,693,662.38,710.62,661.88,-,4.64%
1-Aug-10,662.25,660.75,663.88,657.75,-,0.13%
30-Jul-10,661.38,634.25,662.62,630.88,-,11.04%
27-Jul-10,595.62,585.75,601.75,582.62,-,1.62%
26-Jul-10,586.12,593.62,595.12,584.75,-,-1.70%
25-Jul-10,596.25,596.25,596.25,596.25,-,0.08%
23-Jul-10,595.75,593.75,603.5,593.38,-,0.36%
22-Jul-10,593.62,585.62,609.88,584,-,1.34%
21-Jul-10,585.75,575.62,593.88,574.25,-,1.78%
20-Jul-10,575.5,577.25,580.62,572.88,-,-0.41%
19-Jul-10,577.88,593.75,597.5,575.38,-,-2.65%
18-Jul-10,593.62,588.88,595.62,581.12,-,0.91%
16-Jul-10,588.25,597,597.38,579,-,-1.45%
15-Jul-10,596.88,556.25,598.38,555.62,-,7.18%
14-Jul-10,556.88,549.12,565.12,545.38,-,1.37%
13-Jul-10,549.38,533.62,550.88,530.88,-,2.98%
12-Jul-10,533.5,536.25,541.38,533.38,-,-0.54%
11-Jul-10,536.38,537.5,537.5,534.25,-,-0.28%
9-Jul-10,537.88,544.62,545.12,533.12,-,-1.22%
8-Jul-10,544.5,530,549,524.62,-,2.74%
7-Jul-10,530,507.25,531.88,506.25,-,4.48%
6-Jul-10,507.25,504.5,525.88,504.12,-,0.57%
5-Jul-10,504.38,502.62,504.38,500.12,-,0.35%
4-Jul-10,502.62,502.62,502.62,502.62,-,-0.15%
2-Jul-10,503.38,497.38,507.88,495.88,-,1.31%
1-Jul-10,496.88,479.38,503.62,475.38,-,3.68%
30-Jun-10,479.25,459.62,486.62,459.62,-,4.95%
29-Jun-10,456.62,457.75,459.88,455.12,-,-1.70%
28-Jun-10,464.5,467.88,468.12,459.62,-,-1.41%
25-Jun-10,471.12,478.25,478.88,470.38,-,-1.41%
24-Jun-10,477.88,478.25,483.62,474.88,-,0.45%
23-Jun-10,475.75,476.62,481.88,475.12,-,-0.08%
22-Jun-10,476.12,477.38,478.62,472.38,-,-0.26%
21-Jun-10,477.38,484.5,484.62,472.12,-,0.18%
18-Jun-10,476.5,477.62,485.88,475.25,-,-0.55%
17-Jun-10,479.12,460.62,479.12,453.75,-,3.96%
16-Jun-10,460.88,451.88,467.88,451.62,-,1.99%
15-Jun-10,451.88,450.88,456.12,446,-,0.11%
14-Jun-10,451.38,447,454.62,444,-,1.01%
13-Jun-10,446.88,442.62,447.62,441.62,-,1.53%
11-Jun-10,440.12,433.88,448.5,427.75,-,1.50%
10-Jun-10,433.62,427.38,437.38,427.25,-,1.46%
9-Jun-10,427.38,432.12,435.88,425.62,-,-1.16%
8-Jun-10,432.38,433.38,436.38,431.38,-,-0.17%
7-Jun-10,433.12,435.38,438.38,431.38,-,-0.57%
6-Jun-10,435.62,435.38,436.38,434.88,-,0.06%
4-Jun-10,435.38,443.88,444.12,435.38,-,-1.97%
3-Jun-10,444.12,444.25,447.75,440.75,-,-0.06%
2-Jun-10,444.38,451.38,454.38,442.12,-,-1.58%
1-Jun-10,451.5,458.25,461.12,449.12,-,-1.50%
31-May-10,458.38,458,459.38,457.12,-,0.16%
30-May-10,457.62,457.62,457.62,457.62,-,0.05%
28-May-10,457.38,469.88,473.38,456.62,-,-2.69%
27-May-10,470,461.62,473.12,461.38,-,1.81%
26-May-10,461.62,462.38,471.12,458.62,-,-0.19%
25-May-10,462.5,466.38,466.5,456.38,-,-0.78%
24-May-10,466.12,472.12,475.62,465.38,-,-1.30%
23-May-10,472.25,472.88,473.25,471.88,-,0.03%
21-May-10,472.12,467.75,474.88,466.88,-,1.07%
20-May-10,467.12,470.88,472,461.62,-,-0.77%
19-May-10,470.75,467,471.88,465.5,-,0.78%
18-May-10,467.12,469.88,473.38,466.12,-,-0.56%
17-May-10,469.75,471.12,474.12,466.38,-,-0.29%
16-May-10,471.12,471.12,471.38,470.62,-,-0.16%
14-May-10,471.88,480.88,481.12,471.12,-,-1.82%
13-May-10,480.62,490.62,492.75,477.88,-,-2.01%
12-May-10,490.5,493.25,508.12,490.38,-,-0.63%
11-May-10,493.62,493.25,497.88,489.12,-,-0.05%
10-May-10,493.88,508,514.38,491.62,-,-2.80%
9-May-10,508.12,510.88,511.75,506.12,-,-0.05%
7-May-10,508.38,503.5,516.88,498.75,-,0.94%
6-May-10,503.62,512,513.88,500.38,-,-1.71%
5-May-10,512.38,512.62,513.12,502.38,-,0.00%
4-May-10,512.38,500.5,513,493.38,-,2.40%
3-May-10,500.38,502,507.5,491.62,-,-0.94%
30-Apr-10,505.12,495.12,505.12,493.38,-,1.99%
29-Apr-10,495.25,489.62,507.38,488.88,-,1.10%
28-Apr-10,489.88,489.62,495.88,482.38,-,0.03%
27-Apr-10,489.75,488.12,492.88,484.88,-,0.28%
26-Apr-10,488.38,505.88,514.62,485.62,-,-3.34%
25-Apr-10,505.25,503.62,506.12,503.25,-,-0.35%
23-Apr-10,507,508.38,511.88,502.12,-,-0.29%
22-Apr-10,508.5,499.75,511.62,493.12,-,1.78%
21-Apr-10,499.62,498.75,502.12,493.88,-,0.15%
20-Apr-10,498.88,481.75,499.38,481.62,-,3.64%
19-Apr-10,481.38,499.75,501.12,478.62,-,-3.70%
18-Apr-10,499.88,500.38,500.38,499.12,-,2.12%
16-Apr-10,489.5,480.38,491.12,477.62,-,1.90%
15-Apr-10,480.38,473.75,482.62,473.75,-,1.37%
14-Apr-10,473.88,476.38,481.88,470.62,-,-0.47%
13-Apr-10,476.12,465.88,476.38,463.88,-,1.93%
12-Apr-10,467.12,466.12,474.25,466.12,-,0.21%
9-Apr-10,466.12,476.25,478.38,462.88,-,-0.64%
8-Apr-10,469.12,470.25,473.12,467.12,-,-1.34%
7-Apr-10,475.5,463.38,476.38,456.38,-,2.62%
6-Apr-10,463.38,451.38,469.88,450.25,-,2.18%
5-Apr-10,453.5,454.38,454.62,447.12,-,-0.58%
1-Apr-10,456.12,450.88,456.12,449.75,-,1.28%
31-Mar-10,450.38,473.25,473.25,450.38,-,-4.86%
30-Mar-10,473.38,465.62,473.38,464.12,-,1.94%
29-Mar-10,464.38,464.62,469.62,464.12,-,-0.11%
26-Mar-10,464.88,465.5,467.88,464.12,-,-0.27%
25-Mar-10,466.12,476.12,476.12,464.62,-,-2.07%
24-Mar-10,476,474.12,478.62,472.38,-,0.03%
23-Mar-10,475.88,484.75,487.38,475.88,-,-2.31%
22-Mar-10,487.12,484.62,492.62,482.38,-,0.49%
19-Mar-10,484.75,489.5,490.5,483.12,-,-0.95%
18-Mar-10,489.38,488.88,492.62,484.62,-,-1.31%
17-Mar-10,495.88,487.12,498.12,486.12,-,1.74%
16-Mar-10,487.38,482.12,488.88,482.12,-,1.83%
15-Mar-10,478.62,485.12,486.62,477.62,-,-1.34%
12-Mar-10,485.12,481.88,485.88,479.12,-,1.41%
11-Mar-10,478.38,478.38,481.38,475.62,-,-0.57%
10-Mar-10,481.12,488.88,491.88,478.88,-,-1.69%
9-Mar-10,489.38,494.38,494.38,488.12,-,-1.06%
8-Mar-10,494.62,493.12,498.62,493.12,-,0.30%
5-Mar-10,493.12,507.38,508.25,492.38,-,-1.94%
4-Mar-10,502.88,516.38,516.38,499.38,-,-2.47%
3-Mar-10,515.62,504,517.38,504,-,2.31%
2-Mar-10,504,504.75,509.62,498.38,-,-0.15%
1-Mar-10,504.75,519.62,519.62,498.5,-,-2.77%
26-Feb-10,519.12,503.5,519.88,503.5,-,3.03%
25-Feb-10,503.88,513.88,513.88,502.12,-,-1.99%
24-Feb-10,514.12,505.88,515.88,505.88,-,1.58%
23-Feb-10,506.12,513.12,515.12,505.12,-,-1.36%
22-Feb-10,513.12,503.12,517.5,499.38,-,4.96%
19-Feb-10,488.88,483.38,490.12,482.62,-,1.03%
18-Feb-10,483.88,498.12,498.12,483.12,-,-2.22%
17-Feb-10,494.88,501.88,502.38,492.62,-,-1.98%
16-Feb-10,504.88,498.62,508.88,498.62,-,3.96%
12-Feb-10,485.62,484.25,487.25,480.5,-,-1.20%
11-Feb-10,491.5,495.12,501.38,486.62,-,-1.08%
10-Feb-10,496.88,482.62,502.88,480.88,-,3.03%
9-Feb-10,482.25,484.38,488.38,476.88,-,-0.44%
8-Feb-10,484.38,479.12,488.88,478.62,-,2.16%
5-Feb-10,474.12,477,477,467.12,-,-0.32%
4-Feb-10,475.62,467.38,481.88,466.62,-,1.17%
3-Feb-10,470.12,485.38,485.5,468.5,-,-3.47%
2-Feb-10,487,481,492.38,479.75,-,2.66%
1-Feb-10,474.38,475,483.62,473.62,-,0.26%
31-Jan-10,473.12,473.12,473.12,473.12,-,0.00%
29-Jan-10,473.12,486.38,487.88,473.12,-,-2.85%
28-Jan-10,487,485.12,489.12,483.12,-,0.46%
27-Jan-10,484.75,492.38,493.62,483.12,-,-1.67%
26-Jan-10,493,497.75,497.75,491.62,-,-0.98%
25-Jan-10,497.88,498.38,503.88,496.5,-,-0.05%
22-Jan-10,498.12,500.38,501.88,495.12,-,-0.45%
21-Jan-10,500.38,498.25,500.38,493.12,-,2.35%
20-Jan-10,488.88,499.38,499.38,485.38,-,-2.08%
19-Jan-10,499.25,509.88,509.88,497,-,-2.08%
18-Jan-10,509.88,509.88,509.88,509.88,-,0.00%
15-Jan-10,509.88,527.12,527.12,509.38,-,-3.27%
14-Jan-10,527.12,534.88,534.88,526.12,-,-1.49%
13-Jan-10,535.12,537.88,537.88,519.62,-,-0.51%
12-Jan-10,537.88,574.25,574.25,520.88,-,-6.33%
11-Jan-10,574.25,568.12,574.5,563.88,-,1.08%
8-Jan-10,568.12,556.62,569.62,553.88,-,2.07%
7-Jan-10,556.62,567,567,556.38,-,-1.85%
6-Jan-10,567.12,552.62,567.62,551.25,-,2.62%
5-Jan-10,552.62,557.62,559.88,552.12,-,-0.90%
4-Jan-10,557.62,540.75,561.12,540.75,-,3.12%
1-Jan-10,540.75,540.75,540.75,540.75,-,-0.07%
31-Dec-09,541.12,543.62,549.88,540.62,-,-0.48%
30-Dec-09,543.75,540.75,549.88,540.62,-,0.60%
29-Dec-09,540.5,550.38,553.62,540.12,-,-1.79%
28-Dec-09,550.38,525.75,550.62,525.75,-,4.68%
25-Dec-09,525.75,525.75,525.75,525.75,-,0.00%
24-Dec-09,525.75,529.62,529.62,521,-,-0.73%
23-Dec-09,529.62,522.25,529.62,522.25,-,1.39%
22-Dec-09,522.38,519.5,524.75,515.62,-,0.58%
21-Dec-09,519.38,527.12,529.38,519.12,-,-1.47%
20-Dec-09,527.12,527.12,527.12,527.12,-,0.00%
18-Dec-09,527.12,522.62,528.88,515.12,-,0.86%
17-Dec-09,522.62,539.38,539.38,514.38,-,-3.13%
16-Dec-09,539.5,536.12,542.38,527.88,-,0.63%
15-Dec-09,536.12,543.88,543.88,536.12,-,-1.38%
14-Dec-09,543.62,538,547.88,534.12,-,1.05%
13-Dec-09,538,538,538,538,-,0.00%
11-Dec-09,538,539.12,542.12,530.5,-,-0.02%
10-Dec-09,538.12,532.38,543.88,530.12,-,0.65%
9-Dec-09,534.62,539.62,544.12,532.62,-,-0.93%
8-Dec-09,539.62,546.75,547.38,537.62,-,-1.46%
7-Dec-09,547.62,555.12,559.88,547.62,-,-1.79%
6-Dec-09,557.62,557.62,557.62,557.62,-,0.04%
4-Dec-09,557.38,569.12,569.12,555.62,-,-2.39%
3-Dec-09,571,576.12,579.38,569.38,-,-0.98%
2-Dec-09,576.62,583.88,583.88,570.88,-,-1.22%
1-Dec-09,583.75,586.5,597.88,580.12,-,-0.47%
30-Nov-09,586.5,576.12,589.88,575.75,-,3.05%
29-Nov-09,569.12,569.12,569.12,569.12,-,-0.02%
27-Nov-09,569.25,569.12,571.75,559.12,-,0.00%
25-Nov-09,569.25,565.38,575.12,555.88,-,2.87%
24-Nov-09,553.38,578.38,578.38,552.12,-,-4.32%
23-Nov-09,578.38,579.5,600.38,577.88,-,-0.19%
22-Nov-09,579.5,579.5,579.5,579.5,-,3.83%
20-Nov-09,558.12,562.62,562.62,553.88,-,-0.82%
19-Nov-09,562.75,565.12,571.12,551.38,-,-0.42%
18-Nov-09,565.12,574.5,583.12,565.12,-,-1.63%
17-Nov-09,574.5,556.75,575.38,555.75,-,2.16%
16-Nov-09,562.38,539.5,563.62,539.5,-,4.24%
15-Nov-09,539.5,539.5,539.5,539.5,-,-0.02%
13-Nov-09,539.62,531.12,540.12,531.12,-,1.60%
12-Nov-09,531.12,530.38,541.62,522.25,-,0.14%
11-Nov-09,530.38,521.38,539.38,521.38,-,1.68%
10-Nov-09,521.62,511.38,526.75,507.88,-,0.36%
9-Nov-09,519.75,497.88,523.88,497.88,-,4.39%
8-Nov-09,497.88,497.88,497.88,497.88,-,0.00%
6-Nov-09,497.88,512.12,512.12,496.62,-,-2.81%
5-Nov-09,512.25,521.75,521.75,510.88,-,-1.82%
4-Nov-09,521.75,517.88,527.75,505.62,-,1.38%
2-Nov-09,514.62,496.38,518.12,495.62,-,4.25%
1-Nov-09,493.62,493.62,493.62,493.62,-,0.00%
30-Oct-09,493.62,504.38,504.38,488.12,-,-2.13%
29-Oct-09,504.38,493.88,511.12,493.88,-,2.13%
28-Oct-09,493.88,495.75,508.62,493.62,-,-1.79%
27-Oct-09,502.88,527.25,527.25,502.88,-,-4.60%
26-Oct-09,527.12,547.38,558.38,526.12,-,-3.70%
25-Oct-09,547.38,547.38,547.38,547.38,-,0.07%
23-Oct-09,547,552.12,574.62,547,-,-0.97%
22-Oct-09,552.38,542,555.62,541.62,-,1.84%
21-Oct-09,542.38,519,548.12,519,-,4.53%
20-Oct-09,518.88,517.5,526.62,509,-,0.27%
19-Oct-09,517.5,497.5,522.62,497.5,-,4.02%
18-Oct-09,497.5,497.5,497.5,497.5,-,-0.05%
16-Oct-09,497.75,505.38,506.62,495.62,-,-1.51%
15-Oct-09,505.38,513.5,513.62,496.5,-,-1.58%
14-Oct-09,513.5,512.88,528.5,505.12,-,0.17%